,room,bath,food,design,location,payment,staff,amenities,general,health
0,airbed,tumble drier,iced coffee,layout,neigbouring,abanka,friendlier,electronic safe,apart-hotel,gonorrhea
1,window sashes,shower stall,capucinno,barrack,beachside,abarrel,receptionister,shoe polish ,cleanliness,cough
2,baseboard trim,purifier,steaming cups,interiors,neighboors,accept,receprion,sauna,loungeroom,chemist
3,antechamber,sauna,falafel sandwiches,sleekness,taxis,accommodate,recepcionists,documentaries,quietness,infection
4,windowsill,cistern,veal ,paneling,neighour,accommodation,receiptionist,swimming-pool,3star,myopia
5,vinyl wallpaper,liquid,stouffers,shape,neighborhoods,account,friendley,private parking,standards,calcium
6,doorbell,towel rails,jasmine flowers,fashione,campsites,accountancy,receptioniat,billiard room,roadhouse,cirrhosis
7,wingback chair,tub shower,lemonade,paintjob,geographical coordinates,accountholder,concierage,carpark,banquet hall,schizophrenia
8,bedsheets,washrag,micronutrient fortified,maple,neigburgh,accounting,communication,workplaces,banister,hernia
9,glass,cleansing wipes,mangosteen,colours,neigbours,accrue,employies,usb charging,dweller,leprosy
10,doors ajar,vacuuming,gmcr specialty,decorator,carpark,accumulate,personnality,guarantie,airy atrium,therapeutic
11,luggage,garbage can,tavern,building,neighbourghood,acquirer,recept,luggage,veranda,nurse
12,wall claddings,jetted tub,coffee ,environent,neighter,acquittal,host,wine goblet,garage,allergy
13,microfiber,washing detergent,paczki,ambiance,neibourhood,actuarially unsound,receptionanist,motorscooter,infrastucture,hepatitis
14,deck,wax,snack shop,paintjobs,neigbor,ad valorum taxes,receptionist,tranpsporting,terrace,metabolic
15,bedpan,whirlpool suite,guittard chocolate,environ,beach,adjustment,receptione,fitnesss,banqueting room,diabetes
16,wooden paneling,washtub,bennigan restaurant,fashions,department,admission,etiquett,dvd,benches,diarrhea
17,doorway,washer,homemade onion rings,interieuer,neigborhoods,advance,food runner,sewing kit,basement,abstinence
18,wool rug,whirlpool bath,cuisine,polished alloy wheels,neighbor,advertisement,friendlies,handbags,housing,bronchitis
19,soundproof booth,dustbin,minglers,barroom,neighbors,afghani,recess,assign,playroom,bones
20,couches chairs,tub spout,fraРіВ®che,hardwood,terrace,afn,friendlieness,reception desk,nan,dementia
21,bedsore,tub,plum ,designworks,neighboor,agora,etics,reception room,travelodge ,psoriasis
22,sofa,hair drier,oatmeal cereal,architecture,train,agreements spas,housecleaner,hydrotherapy tub,lodging,syringe
23,sleeper compartment,dryer vent,yoghurt,atmosphere,neighbohood,ahbr,professionalists,conference room,pension,chlamydia
24,stepstool,washer dryer hookup,sugar ,mahogany ,address,akant,translations,evaluator,banqueting hall,breathe
25,stone,washing machine ,guava nectar,polished hardwood floors,surrouding,alimony,bartender,arrival,star,flu
26,soundproof window,shampoo conditioner ,homemade hummus,aluminum,coordination,allianz se dresdner,incompetence,courier,stairway,sanitary
27,anthracite colored,bathrobe,noodle bar,polished mahogany,establishments,allocated,telecommunicator,transfer,tranquility,broken bone
28,floor,deoderant,philly steaks,interieur,neighborns,allocation,engineers,ambulance,positioning,stress
29,vinyl upholstery,cleansing,scrambled eggs bacon,illuminations,area,allottee,friendlystaff,evacuating,health resort,bruise
30,rocker recliner,bathing suit,perishable items,stained glass,coordinate,allowance,conciarge,takeaway,aparthotel,constipation
31,whirlpool suites,dry vac,crРіС‘me brulee,silhouette,establiments,aluminium cmal3,bellman,babysitters,exterior,cholera
32,foldaway bed,sponge,stuffed potato skins,ergonomics,shopping plaza,amd,receptiion,wardrobe,cab,drugstore
33,sofabed,faucet,lasagna,designing,facades,amended facility,leader,disconnection,parking,condition
34,wheeling suitcase,garbage disposer,dessert ,paint,gardenview,amends,manpower,babysitting,boutique,virus
35,wardrobe,shampooers,fonio,furnishings,streetfront,amikura,fees vary,documentries,vacation,autism
36,recliner,hair dryer,gujarati thali,typography,sideroads,amm copper,friendli,facilities for disabled guests ,lobby,thrush
37,vent,container,capuccino,envirorment,downtown,amortization,negotiation,elevator,guestroom,patient
38,ambient,air conditioning duct,fair grinds,openings,foyeur,amount,receptionis,heater,5star,gastritis
39,cloths,garbage pail,la tolteca,material,coaster,an amount expended.,receptionnists,bike,questionnaires,sarcoma
40,wooden stool,paper towels,flame broiling,designhotel,neibrhood,anacap,subordinate,left-luggage office,motel,epidemic
41,vinyl tablecloth,washhouse,turmeric,styling,garrage,ang,server,stove,elevator,lumbar
42,acoustical panels,extractor fan,nonperishable food items,environmemt,departmental,annuity,stoolman,cargo,robes,lisp
43,balcony,shaving foam,flavored lattes,stucco,neighbouhood,ante,saleswoman,gyme,4star,melanoma
44,daybed,dryer hookups,grated cheddar,,dependant,antipodean currencies,personnel,evaluation,entrance,tonsillitis
45,nightshirt,aqua,tex mex,interier,establiment,aoa,chef,autopilot,neighbour,lipoma
46,bra,washbag,lentil,environments,neigbors,appraisal,translating,hydrotherapy spa,vestibule,atrophy
47,pillows rugs,hair conditioner,muscatel,landscape ,gardeners,appraised value,guarder,wifi,hospitality,aphasia
48,wooden bunk beds,washing machines dryer,veggie,shapes,streetwalker,appraisement,friendlinness,businesses,staircase,anemia
49,floorboards,wet vac,tuna,geometry,campbed,appraiser,salary,yoga mat,restroom,pill
50,pillowcase,wet rag,cokes,redesign,coordinating,appropriated,team,commutation,atrium,gout
51,sofas armchairs,footrest,razzoo,designo,geographical location,apsar,receptioist,birthing,advertisement,jaundice
52,wifi,moisturizer,basic foodstuffs,polished chrome,neighbour,arabica futures,sergeant,banqueting room,experience,vitiligo
53,velvet coat,tube,fragrant aroma,colour,neightbors,argentine peso,friendliess,transportation,questionnaire,endometriosis
54,mosquito netting,washer drier,soft drinks ,typographic,neighborhood,ariary,receptioinst,conference,roller suitcase,hormone
55,stool,urine faeces,l' auberge,envoirement,pavement,armenian dram,receptacle,entertainer,facility,chickenpox
56,acoustic,handwash,mayonnaise ,plasterwork,geolocation,ars,cook,asistance,safety,narcolepsy
57,seating,garbage dumpster,greasy potato chips,art,neighburing,asking price,friendlyand,commuting,banqueting suite,amnesia
58,bunkbed,soothing massage,grated parmesan,baroque,neighboures,assessment,concergies,cable,attic,hypertension
59,bedding curtains,deodorizer,greasy spoon cafe,facade,dependance,asset,maitre,shoe brush ,dormitory,syrup
60,3br,bathroom cabinetry,ramyeon,aethetis,interior,association bdb,concerge,aquarium,lodging house,influenza
61,bedframe,detergent,sake lounge,envronment,sea,atm,translate,ironing board,hostel,surgeon
62,fabric,washcloths,steak sandwich,decor,shopping,atm debit cards,concierges,internet,parador,wart
63,carpeting,clawfoot bathtub,utensil,surfaces,dependence,atm surcharges,expeditor,robing room,rooming,backache
64,curtain,lotion,kebab,spaciousness,entryway,attorney,superviser,oven,bannister,medical
65,baseboard molding,garbage receptacle,dagwood deli,fabrications,neighborhoood,attractively priced,cooperator,stockroom,,bandage
66,marble,scrub,spinach ricotta,deco,geo location,auction,receptionests,swimming,,syphilis
67,upholstery,chemicals,pour marinade,style,atmosphere,auctioneer,instructor,bar,,pyelitis
68,hypoallergenic,toothbrush,grated potatoes,alcantara,distances,aud,concierging,birthday,,urticaria
69,doorsill,ziploc,micro brewed,designer,beaches,audit,assistant,shopkeeper,,dentist
70,couchette,jacuzzi,unpasteurized apple cider,modeling,addressing,avo,service,bodyguard,,health
71,workroom,wastepaper bin,braised lamb shanks,luxurious,neibourghood,award,receptiin,usb,,hospital
72,soiled linen,whirlpool,beer ,artwork,traffic,awd moneyextra,receptionest,booking,,pneumonia
73,sleeping compartments,urinal,dinner ,nan,ballroom,awg,conceirge,dental kit,,tuberculosis
74,accent pillows,washstand,chocolate martini,aestheticly,avenue,axfj,recepctionist,photocopying,,menopause
75,cabinetry,soap,homemade ice cream,polished floorboards,railway,azn,employing,swimming pool whirlpool,,treatment
76,ceilings,bathhouse,human lactoferrin,polished aluminum,dependent,balance,council,transporattion,,ophthalmologist
77,ashtray,whirlpool jets,keebler crackers,fashionistas,neibourgh,bam,cooperativeness,tobacco,,pain-killer
78,noise,air conditioning,top pot doughnuts,barstaff,neigborhood,bank,recervation,spa and wellness centre,,cellulitis
79,window valances,footbath,cottage cheese ,marble,gardens,bank natixis cnat.pa,attendant,availabilty,,general practitioner
80,rolltop desk,heater,coffee cupping,athmosphere,motorway,bankcards,sergeants ,,,pain
81,4dbrm,deodoriser,veggie wraps,ergonomic,establishment,banker,receptions,connector,,ache
82,illumination,bathroom faucet,mongolian stir fry,ambient illumination,neighbourhoud,banker acceptance,conciergue,logistic,,botulism
83,wooden banister,oil,vegetarian chili,environment,camped,banking,concierege,whirlpool spa,,epilepsy
84,dorm room,washing ironing,fried zucchini,roofline,districs,bankless,employee,whirlpool sauna,,hemorrhage
85,bed linens,footwells,bagels croissants,atrium,taxi,banknote,waitressses,swimpool,,anorexia
86,bedside commode,washroom,fried tempura,fashion,foye,bargain,attendants,iron,,
87,smoke detector,moist towelette,donairs,paintable,basement,barrel clc1,receptionsits,baggage,,insomnia
88,bedlinen,vent hose,soda fountain,color,neibor,barter,officer,airport shuttle,,malaria
89,bedpost,aerosol,darling christine o'donnell,aesthetic,neighboohood,barterer,barista,vacuumcleaner,,medication
90,drying rack,cleaner,tasty,bar,neiberhood,bartering,receptopn,spa manicure,,muscular
91,bedhead,dryer duct,photographer chocoholic,paintwork,pedestrian,bbd,honorar,launderette,,runny nose
92,apartment,garden hose,wangfujing shopping district,environement,geopositioning,bdt,negotiations,boardgames,,tranquilizer
93,electrical sockets,washcloth,chicken consomme,interiers,river,bearer,saladmaster,table lamp,,medicine
94,wooden stairway,corridor,topping,enviromnment,path,beggar,owner,fitnescenter,,ascites
95,passageways,towel rack,homemade guacamole,design,streetlamp,begging,receiptionists,vacuuming,,leukemia
96,pillowtop,bathrobes,rum lime juice,architect,mall,belgium bel## index,incompetents,wheelchair,,eczema
97,foldout couch,shampoo bottle,curry spice,leather,backstreet,"bellow #,#### resistance",personnels,minibar,,piles
98,legroom,sprayer,sardine ,plaster walls,addresse,benefaction,receptcion,pet allowed,,astigmatism
99,roofspace,bidet,hibiscus tea,aesthetics,railroad,benefactor,representative,flatscreen tv,,rash
100,5g,perfumes,pear ,decorating,parking,bennenbroek,boss,washing machine,,neuralgia
101,lighting,cleansing toning,honey,drawing,neigbourhoods,bgn,staff,sportsbar,,plaster
102,accommodations,hand sanitizer,shape angius,illumination,neighburs,bhd,employer,gym,,lupus
103,doorframe,powder,fish and chips ,designs,neighbourd,bidder,deptartment,vacuum cleaner,,breath
104,wheelchair,condominium,canned fruit,redecoration,geographical proximity,bidding,guardians,guaranti,,schistosomiasis
105,dorm,wastepaper basket,mayonnaise,granite,foyers,bif,guarding,shoe shine,,nan
106,cushions,cleansing lotion,cassia,plaster ceiling,neiborhood,bill,receptionista,hydrotherapy pools,,smallpox
107,scent,toothbrush holder,simit,craftsmanship,facad,billables,friendnnes,fitnessroom,,cataract
108,space,hot tub,harar sidamo,decoration,neiboughroud,billfold,disorganization,aquatics,,hypothyroidism
109,ventilation grilles,nan,roasters guild,roominess,boulvard,billing,conceirege,billiard parlor,,headache
110,rocking chair,condo,marmite sandwiches,illuminating,neighbouroud,billion,serviceman,cigar lounge,,typhoid
111,acoustical tiles,cream,cranberry,environs,campsite,bite,conciage,yogi patel,,cancer
112,2bdrm,septic,chiles rellenos,envoirment,neigherhoods,bkla,personnelle,booker,,sunburn
113,sofa pillows,wetroom,crisps ,barracks,tram,blackmail,chief,wine cellar,,sinusitis
114,bar stool,shampooer,noonday meal,red brick facade,neighbouring,bmd,recepsion,boardgame,,carcinoma
115,acoustically engineered,lavatory,caf,furnishing,neighbourg,bnd,clerical,handbasins,,meningitis
116,vacuum cleaner,mop,cheese spread ,concept,pedestrian walkway,board dxy,dealer,laundry slip ,,dyslexia
117, ,whirlpool tub,chopped onions,woodwork,neiborghood,bob,receptive,handbaggage,,myeloma
118,footprint,toothpaste,rhubarb crisp,barservice,neiboughrhood,boe qe,salesman,pool whirlpool spa,,disease
119,fridge,shower curtain,cathy whims,illuminate,sidewalk,boj mof,friendliest,entertaining,,harmful
120,sleeper sofa,shampooing,harborside restaurant,stucco exterior,camping,boliviano,gangmen,specification,,allergic
121,furniture,wraps facials,robusta,chrome,carriageway,bond,receptionen,evaluating,,bacteria
122,candle,bathroom fixtures,sweet potato pies,environtment,lanes,bond futures #jgbv#,receptioninsts,satellite tv,,atherosclerosis
123,mantels,shower nozzle,escarole,enviroment,highway,bond yields,receptonist,awakening,,inflammation
124,pillows cushions,steam,involtini,minimalism,facade,bonded indebtedness,disorganisation,dryer,,spondylitis
125,entryway,sanitizer,iced chai,polished stainless steel,bus,book,doorman,guaranteed,,safety
126,divan,antibacterial,hungry ,appearance,neighbouringing,booking,inservice,satellite channels,,fracture
127,ballroom,garbage chute,kot kai,,commuter,bookings,superintendent,24-hour reception,,mumps
128,kitchenette,washbasin,hungry tummies,,driveways,borrower,waitressing,billiard hall,,nauseous
129,soffit,whirlpool bathtub,fritta,,patio,borrower defaulted,professionall,writing table,,convalescence
130,bed roomed,soap detergent,hostelry,,backstreets,borrower refinances,physiotherapist,banqueting hall,,dizziness
131,balcony railing,toiletries,croissant,,neighbooring,borrower repays,recepion,spa pedicure,,ointment
132,cushion,antiseptic,egg tarts,,distance,bounty,administative,bundle,,stomachache
133,woodgrain trim,ceramic tile,bockwurst,,foyer,boxed beef,deparment,fitnes,,depression
134,armrests,water softener,brats burgers,,neirborhood,br#.# trillion,engineering,billiard parlour,,glioma
135,wheelarches,gel,baked apple pie,,neibour,branch,visit www.vipdesk.com,grille,,herpes
136,ventilation hoods,wringer washer,spaghetti ,,rickshaws,brazilian real,firefighters,automation,,eye drops
137,wallpaper,towel dispenser,gratzi,,taxicabs,brent crude,receptinist,clubroom,,chills
138,ceiling,cloakroom,linens china,,street,brent crude lcoc1,receptioninist,connecter,,cystitis
139,bedroom,dumpster,bbq chicken,,entrance hall,brent lcoc1,receptionstaff,excursion,,encephalitis
140,chandelier,sponge bath,subway sandwich,,postal,bribe,negotiating,documentary,,lymphoma
141,sodden tomb,jets,deli bakery,,ave.,briber,installer,cable tv,,measles
142,smoke,toilette,chez gerard,,neighberhood,brighter borough,receptin,gymnasts,,respiration
143,commode,tub faucet,der wienerschnitzel,,halls,british pound cur gbpusd,receptienest,entertainment,,fever
144,bunkroom,razor,boneless chicken wings,,outlet,brl,doctor,documentation,,arthritis
145,bookcase,disinfect,salad applesauce,,establishement,brl#.##,saleslady,swimmigpool,,ulcer
146,floorboard,shampoo,segafredo,,district,brl#.###,hotel clerk,lockerroom,,impotence
147,airier,soaker tub,pesto pasta,,hall,brl#.####,receipionist,password,,acne
148,bdrm,bathroom fitting,roaster,,carriageways,broad topix index,concider,flatscreen,,migraine
149,air conditioned,toweling robe,ice cream parlor,,blocks,broader hdax index,sommelier,room-service,,specialist
150,wheelarch,dehumidifier,larkburger,,road,broker,front desk,cafe,,osteoporosis
151,towel rack,cleanser,shepherds pie,,metro,brokerage,doormen,locker room,,physician
152,foyer,sponge mop,panarottis,,nan,brownfield cleanups,emploee,aquapark,,cold
153,sock drawer,garbage disposal,moet chandon,,neighboirs,bsd,recepsionist,handbasin,,dangerous
154,locked desk drawer,shower cubicle,roastbeef,,city,bt## bt##,dispatcher,media hub,,trauma
155,wool blanket,waterless toilet,mcmuffins,,limousine,btm ufj currency,receptacles,complimentary tea,,anxiety
156,duvets,bathmat,protein,,neiburs,btn,cooperatif,connect,,pertussis
157,worktable,garbage compactor,sandwitch,,transport,buck,etiquette,gymnast,,
158,footstool,diffuser,phensidyl,,neighborood,budget,management,letter head,,loss
159,headboard,ziplock bag,salmon ,,seafront,budgeted,firemen,safe,,cardiac
160,desk,shower gel,teahouse,,streetcorner,budgeting,aesthetician,bonus,,disorder
161,workbench,washlet,lapsang souchong,,geocode,builder,recepionists,mini fridge,,transplant
162,coat,washing rinsing,etta seafood,,surroundings,bukopin,translation,charger,,asthma
163,ventilate,wastebasket,tearoom,,outdoor,bulgarian lev,honorarirum,busboys,,therapy
164,sideboard,freshener,mallomars,,neiboughood,bund futures,guard,physiotherapy,,hypermetropia
165,airy spacious,garbage bin,grated cheese ,,neiberhoud,bund futures fgblc1,receptibe,room service,,colitis
166,drawer,wiping cloth,uncommon grounds,,campus,bund yield,miscommunication,cinema,,tetanus
167,bed headboard,soaker tubs,foodstall,,location,bund yields,fireman,shower cap,,midwife
168,sofa loveseat,washroom stall,reuben sandwich,,streetside,bundle,drycleaner,spa treatments,,blood
169,leather,slippers,outdoor seating,,sidestreet,business,cooperability,ascensor,,plague
170,windowless cellar,toliet,fried bologna sandwich,,neigbourhood,butut,receptionit,businessman,,snakebite
171,sound deadening,deodorant,pizza pasta,,firstfloor,buy,receptiinist,club,,rubella
172,locker,washing utensils,ubiquitous chip,,vestibule,buyback,freindlyness,entertainement,,tablet
173,soundproof walls,garbage,ham ,,foyerand,buyer,receiptionest,reflexology,,nausea
174,appliance,tumble dryer,pulled pork,,outlet mall,buying,housemaster,spa tub,,pharmacy
175,bedfast,shower enclosure,boston blackies,,alleyway,buying us##.##c us##.##c,specialist,guaranties,,
176,doorless,spray,shortbread biscuits,,pedestrian mall,buyside trader,conciege,dry cleaning,,
177,pillow shams,restroom,spaghetti salad,,atrium,bwp,professionalim,scooter,,
178,air conditioner vents,sanitiser,grape ,,geo coding,byn,therapist,workplace,,
179,dresser,drying rack,tropical fruit,,geographic,bzd,receptionsts,computer,,
180,wooden flooring,soap dispenser,chantilly cream,,airport,c.banks,receptionost,garauntee,,
181,armless chair,showerhead,porcinis,,streetlight,c#.####,friendlg,flowershop,,
182,armrest,whirlpool spa,shelled edamame,,gardening,cad,recetionist,bicycling,,
183,cockroach,facecloth,cookshop,,neighboring,cad = d4,disorder,logistics,,
184,wall,toliet paper,corn gluten,,hallway,cad jpy,food server,authorisation,,
185,armchair,bathroom countertop,salt ,,neighboarhood,cad usd cad,director,staffroom,,
186,window sill,moist wipes,chalkboard menu,,town,cad#.####,receptor,drycleaner,,
187,slipper,,soup,,traffic congestion,cadjpy,agent,customisation,,
188,bedcover,,dandana,,neighbouing,calculate,conciergerie,shampoo,,
189,shelf,,greasy fatty,,neighbours,calculation,recepti,comuting,,
190,3bdrm,,shrimp po boys,,avenida,calculator,translates,custom,,
191,bedclothes,,egg noodles,,parkway,calendar,personnell,bath mat,,
192,bed linens towels,,jujube,,cobblestone,camilla sutton currency,recepetionist,laundry,,
193,tile,,diner,,boulevards,camperships,receptionmarcel,locker,,
194,room,,diet coke,,neighourhood,cancel,hostess,garantee,,
195,roomette,,casserole recipe,,neighboorhood,cancelation,conceriage,gymnasium,,
196,bedsheet,,muscadine wines,,crosswalk,canceling,associate,computers,,
197,bedskirt,,roast meats,,neiborgh,cancell,friendlienss,dvd player,,
198,coupe,,raspberry scones,,neigbour,cancellacion,sales clerk,wireless internet,,
199,foldout chairs,,sent sovi,,streetscape,cancellation,reservationist,cab,,
200,lock,,supper club,,neightbours,cancellation (related),operations,maintainence,,
201,alcove,,marinated vegetables,,driveway,capcos,conceiarge,city view,,
202,sofa cushions,,fusilli pasta,,postoffice,capital,receptionaist,slippers,,
203,cabin,,styrofoam cup,,addres,capital outlay,machinist,laundromat,,
204,worksurface,,manager jackie gomillion,,museum,card issuer,concierages,connectivities,,
205,ventilator,,protein powders,,neightborhood,cardholder,recepition,assist,,
206,bed,,jams salsas,,districts,carsten fritsch analyst,friendlinesd,banqueting suite,,
207,3g,,greasy cheeseburger,,neighbourhoods,carsten fritsch currency,friendlines,tabaccheria,,
208,bedrail,,turkish baths,,neighorhood,cash,operator,steam room,,
209,ghz,,pepsi cola,,coasters,cash-payment,receptionst,transit,,
210,baseboard,,decaffeinated coffee,,departments,cashable,cooperations,handball,,
211,sofa sleeper,,currant ,,coasting,cashback,incompetent,elevations,,
212,airconditioner,,marinara sauces,,transporter,cashier,professionals,footmassage,,
213,satin pillow,,dunkin donuts coffee,,alley,cashier check,reception,entertainers,,
214,candlelight,,steakhouse,,ocean,cashiers checks,planne,maintenance,,
215,parquet floor,,boba tea,,busways,cashnetusa,sales,photocopies,,
216,soundproof,,grana padano,,neighbers,castorseed futures,task,assortiment,,
217,twin bedded,,arancini,,campgrounds,categoricals,negociations,boarding,,
218,lightbulb,,cup,,exterior,cbot oats futures,understaffing,busboy,,
219,luggage trolleys,,taco casa,,sightseeing,cbot soy futures,translator,book,,
220,bedspring,,fogo de chРіСo,,neibghours,ccy,waitress,steam sauna,,
221,nightstand drawer,,cherry pies,,backyard,cdbg allocations,associates,casino,,
222,towel racks,,value meal,,hallways,cdbg monies,emploees,catalogue,,
223,oxygen,,snifter,,neighbaurs,cdgb,personnal,document,,
224,sheets,,pita bread,,neighbhood,cedi depreciated,crew,swimming pool sauna,,
225,airy loft,,uncooked spinach,,backyards,cedit,receptio,cd,,
226,bed linen,,baked goods,,hallwayy,cedit funds,friendliness,customerservice,,
227,wall paneling,,breakfast tacos,,surroudings,cee markets,company,facials,,
228,wet washcloths,,beer,,foya,ceef,receptists,vending machine,,
229,woolen blanket,,green bean casseroles,,neighboorhing,ceiling,recepcionista,cigar shop,,
230,living room,,veggie burrito,,neighboorhod,cenbanks,negotiate,web site,,
231,twobedroom,,otaez,,establisment,cent,waitresses,transferring,,
232,twnhse,,whole leaf teas,,neighboord,centГ©simo,receptist,fitnesscenter,,
233,swivel chair,,lunch,,entrance,centavo,responsibility,bicicle,,
234,sound proofed,,goat cheese,,neibouring,centime,conversation,gymarea,,
235,satin sheets,,dahlia lounge,,neice,cents,recervstion,bonuses,,
236,basket,,doggie biscuits,,neighborhoud,certificate,clerk,monitor,,
237,doorstop,,eating,,ave nue,cfs gandel,dermatologist,complimentary wifi,,
238,bar stools,,hula hut,,neightbourhood,cgt exemption,recepiton,pool,,
239,ionizer,,magret,,coastal,champlin foundations,professionality,jacuzzi,,
240,sleeping bag,,fortified wheat flour,,neighbourhood,charge,garson,whirlpool,,
241,wooden trellis,,coconut ,,surrondings,charge (related),hotel manager,parking,,
242,vinyl tiles,,freshly baked chocolate,,shop,charitable foundations,receptinest,sunlounger,,
243,air conditioning vent,,humous,,coastline,charity,recepction,soap,,
244,nightstand,,gourmet grilled cheese,,foyet,cheap,intern,swimming pool hot tub,,
245,refrigerator,,raspberry vinegar,,neightboors,check,cleaner,conference table,,
246,swivel stool,,potato,,coordinates,checkbook,driver,swiminpool,,
247,smoke alarms,,il mercato,,neighbourhoood,checker,receptioon,transferred,,
248,bedding,,eaterie,,coast,checkerboard,recepetion,cigar,,
249,latch,,michele perchonok,,lake,checkin,secretary,auto,,
250,wastepaper basket,,gourmet,,neigberhood,checkingout,coworker,clubs,,
251,suite,,roadhouse grill,,garden,checkless,friendlynes,bicyclist,,
252,appartment,,brut,,,checklist,fireguard,refrigerator,,
253,bedded,,pita pizzas,,,checkout,receptiensit,workstation,,
254,door knob,,meats breads,,,checkroom,employes,hydrotherapy bath,,
255,ottoman,,until spinach wilts,,,checks,workman,wakening,,
256,carpet,,braciola,,,chelverton,miscommunications,tranportation,,
257,5bdrm,,cola flavored,,,cheque,secuirty,complimentary breakfast,,
258,led,,triple whopper,,,chetrum,behaviour,amendment,,
259,bassinet,,dumpling wrappers,,,chf,incompetente,face towel,,
260,air intakes,,teriyaki,,,chf jpy,employe,hydromassage,,
261,wall coverings,,sweet potato gnocchi,,,chf#.####,receiption,aquariums,,
262,linoleum,,lemon ,,,chfjpy,discussion,extension cable,,
263,fireplace,,cuppa tea,,,childe freeman,friendllyness,awake,,
264,window tinting,,kinnow,,,chile peso,ethics,commutes,,
265,table,,deli meats,,,chilean peso,recetionpist,solarium,,
266,pillow,,ricotta stuffed,,,china dlr yuan,employment,technology,,
267,mantle,,whole bean coffees,,,chinese renminbi cny,workers,bags,,
268,rollaway bed,,cereals ,,,choice cutout,freindliness,computing,,
269,tray,,jamba juices,,,chon,conceirage,bookstores,,
270,airy ambience,,lager,,,choppy against,manager,fintess-center,,
271,folding chair,,eataly,,,chuck primal,guards,evacuate,,
272,air conditioning vents,,chex mix,,,chunk,employess,radio,,
273,windows,,glazed hams,,,citi instalment,spokesperson,connecting,,
274,linens,,pepperoni,,,ckd,professionally,connectors,,
275,aerators,,harpoon louie,,,clc1 quote profile research,emplooyees,communicate,,
276,blanket,,milk ,,,client,disorders,ipod docking station,,
277,pillows comforters,,buttermilk fried chicken,,,clp,personnes,entertainmant,,
278,bedside,,clothing,,,cmcu3,recruitment,ambulatory,,
279,window mullions,,donuts,,,cmhc insured mortgage,beaurocracy,wi-fi,,
280,lamp,,whisky ,,,cny,recepton,services,,
281,vibration,,gourmet grub,,,cny#.####,bellhop,bookstore,,
282,wi-fi,,fragrant herbs,,,coffee coffee,concerige,handbag,,
283,banquette seating,,microbrewed beer,,,coffee coffee prices,clerks,birthplace,,
284,bedsit,,kombucha,,,coffer,cleaners,workspace,,
285,wooden bunks,,steamed puddings,,,coin,receptionee,catalogues,,
286,loft,,coffee morning,,,collateral,sheriff,ocean view,,
287,bedside lamp,,mango ,,,collateralise,worker,tea maker,,
288,workspace,,restauarant,,,collaterised,,cleening,,
289,barber chair,,unroasted coffee,,,collector,conceige,bodyguards,,
290,mat,,jim mondanaro,,,collegeboundfund,recepection,bookshops,,
291,aparment,,microwaveable meals,,,colombian peso,friendlinesses,,,
292,armoire,,dulce de leche,,,comex copper,friendness,entertaiment,,
293,slipper chairs,,ristorante italiano,,,commission,spokeswoman,gyms,,
294,air conditioner vent,,el ranchito,,,commodities gold,stylist,connectivity,,
295,bathmatt,,brandy ,,,commodities markets,spokesman,evacuation,,
296,ash tray,,mango strawberry,,,commodity,bugger,tv,,
297,doorknob,,water ,,,commodity currencies,concidering,motorbike,,
298,apartments,,tapas restaurant,,,commodity prices,pressman,banquet hall,,
299,baseboard heater,,grated carrots,,,compact impact,friendless,,,
300,boudoir,,comfy booths,,,compensation,friendlyness,lawnchair,,
301,,,iced mochas,,,confirmation,receptioner,restaurant,,
302,airiness,,comfy cow,,,congestion mitigation,principal,guarante,,
303,airy,,wine,,,congolese franc,cooperating,free wifi,,
304,bedbug infested,,grant's,,,congressionally appropriated,attendance,evaluations,,
305,dust,,fried tilapia,,,connectoregon ii,receptioniste,shipment,,
306,waterbed,,dandelion root,,,consideration,superintendant,departure,,
307,seats,,cream cake,,,consignee,hire,entertain,,
308,armless chairs,,yogurt,,,consigner,concergie,fitness,,
309,door,,gail nyberg,,,consignor,telephonist,cigar bar,,
310,sofas chairs,,vegan cheesecake,,,constitutionally protected rainy,administrative,tour,,
311,cornice,,bistro fare,,,consumer,chaplain,garantie,,
312,curtain rod,,watermelon,,,contingency fund,concergerie,babysitter,,
313,doorways,,noodle box,,,contract,adviser,mouthwash,,
314,wooden floors,,chicken corn chowder,,,conveyancer,subeditor,spa,,
315,bedmate,,hob nobs,,,conveyancing solicitors,waitres,boardroom,,
316,lounge chair,,hungarian pastry shop,,,cop1 ###.#,friendleness,ethernet,,
317,bedspread,,breakfast included,,,cop1 ###.##,discussions,washhouse,,
318,light,,raspberry mousse,,,cop2 ###.##,conceiger,kettle,,
319,,,crabcake,,,cops grants,attractions,tranport,,
320,wet rag,,pea ,,,corporations foundations endowments,engineer,website,,
321,litter tray,,el meson,,,corpus,gardeners,hamam,,
322,acoustical ceiling,,calorie,,,corrected corrected nikkei,babysitter,laundry bag ,,
323,humidifier,,upscale steakhouses,,,corrected forex dollar,subsidy,swimming pool jacuzzi,,
324,bookshelf,,bennigan grill &,,,cost,recepitionist,guarantee,,
325,linen tablecloths,,cappucino,,,costar showcase,recepcionist,gymnastics,,
326,windowless,,fried calamari,,,coupon,audit,swimming pool,,
327,mattress,,salad dressing ,,,coverdell accounts,negociation,shaving kit,,
328,suede,,cornmarket street,,,coverdell esa,marketing,trundle bed,,
329,wool carpeting,,breads pastas,,,coverdell esas,ambassador,billiard saloon,,
330,tufted leather,,hamburger ,,,cpf monies,recetion,wc,,
331,wastepaper bin,,jg melon,,,cppib invests,employers,massage,,
332,floarboard,,cupcake royale,,,crawling peg,sanitarian,transfert,,
333,couch,,cushy couches,,,crb commodity index,front-desk,interface,,
334,wet washcloth,,broccoli slaw,,,credit,nonpaid,roomservice,,
335,deckchair,,mocha,,,credit agricole sa aca.fr,conceirg,transfering,,
336,bedside drawer,,jollof rice,,,credit card,chambermaid,transfers,,
337,ultrasound,,tea rooms,,,credit cards,stakeholder,fax,,
338,dresser drawer,,pop tart sushi,,,credit-card,waiter,swimming pool sauna steam,,
339,bassinette,,pantry stocked,,,creditcard,inspector,businesstrip,,
340,laminate,,barbecued ribs chicken,,,creditor,receptioms,internet access,,
341,decorative tile,,hotdogs hamburgers,,,croatian kuna,receipition,hydrotherapy,,
342,switchplates,,freshly squeezed juices,,,crude clc1,policeman,carriage,,
343,livingroom,,flaky dough,,,crude clc1 settled,supervisor,media,,
344,drapes,,marinated chicken breasts,,,crudeoil,maid,autopark,,
345,usdan student center,,eatable,,,csrs retirees,friendlinessofthestzff,coffee maker,,
346,entrances,,mozzarella cheese,,,cup,conceriege,code,,
347,rack,,compostable plates,,,cur eurusd,recepeton,vacuum,,
348,airconditioned comfort,,garlic ,,,cur gbpusd,subcontractor,vending-machine,,
349,doorjamb,,pear juice,,,cur rency,recepto,poolhouse,,
350,bedchamber,,grilled chicken sandwich,,,cure leukaemia,bellboys,pool sauna steam,,
351,nan,,pepperoni sausage,,,curency,employees,adapter,,
352,ventilation ducting,,tooth achingly,,,currencies,salesclerk,indoor pool,,
353,appliances,,da hookah spot,,,currencies dollar,housekeeper,autobus,,
354,wetroom,,superette,,,currencies fixed income,staffing,guarantees,,
355,accent stitching,,philly cheesesteak,,,currency,solicitor,shoe rack,,
356,lavatory,,original blend,,,currency speculators,commander,complimentary coffee/tea,,
357,whirlpool tub,,papal trinkets,,,currencyРіСћ,ethic,guaranteeing,,
358,anteroom,,craft brewed beers,,,currencyshares euro trust,receptionness,bootique,,
359,towel,,macaroni salad,,,currencyshares euro trust fxe,receptionists,evalution,,
360,bedroll,,hotel,,,customer,nan,tv set,,
361,banquettes,,americano,,,cut,telecommuter,swimingpool,,
362,cabinet,,cloned meat,,,cve,attendand,hot tub,,
363,water purifier,,flavored liqueurs,,,cytokinetics collaborations,personel,nan,,
364,wooden stools,,hickory smoked meats,,,czech koruna,hausekeeper,checkroom,,
365,4bdrm,,tea pluckers,,,czk,cooperative,complimentary coffee,,
366,bed sores,,toasted bagel,,,czk ##.##/eur,attention,classroom,,
367,,,plum tomato sauce,,,czk ##.##/usd,consultant,cabanas,,
368,entryways,,bucca di beppo,,,daisuke karakama market,receprionist,transport,,
369,4g,,melon ,,,damage,receptioni,gymn,,
370,bedbound,,brio tuscan grill,,,daniel katzive currency,conceirges,poolroom,,
371,bunkmate bed,,vietnamese pho,,,danish krone,concerges,alarm clock,,
372,tufted sofa,,laurier bbq,,,date,hotel receptionist,television,,
373,loveseat,,kasbah,,,dated brent spot,cooperatve,classrooms,,
374,vinyl siding,,donut shop,,,days,responsibilty,businessmen,,
375,accent rugs,,durty nelly,,,daytime,recession,configuration,,
376,airing cupboard,,coffee liqueur,,,deadline,cooperate,safety deposit box,,
377,aromatherapy ,,vegetable platters,,,deal,workforce,socket,,
378,bedstand,,veal parmesan,,,dealbreaker,professionalism,,,
379,wlan,,hummus pita,,,dealer,electrician,connections,,
380,luggage rack,,cheesecake ,,,dealership,concierge,cd player,,
381,window,,grilled cheese,,,dealerships,technician,entertaintment,,
382,door knobs,,jack danielвЂ™s,,,dealing,auditor,automobile,,
383,washroom stall,,scene obesandjo tries,,,debit,conceireg,hydropool,,
384,floor mat,,fatty ,,,debit (related),friendlyniss,concierge,,
385,cover,,sno cone,,,debit card,salesperson,swimmin hole,,
386,window ledge,,boneless pork chops,,,debit cards,receptino,luggage rack,,
387,wooden floorboards,,khao soi,,,debt,bellboy,clubhouse,,
388,pillows duvets,,el parador,,,debtor,conciergestaff,casinos,,
389,acoustical tile,,hats noisemakers,,,debtors,receptioninst,elevation,,
390,flooring,,poboys,,,decumulation phase,24-hour,fitness center,,
391,wheel arches,,bottle,,,deduction (related),specialists,business,,
392,climate,,ice cream sundaes,,,defendant,personnnel,billard,,
393,,,shredded cheeses,,,defray,cooperation,cloth hangers,,
394,,,steakburger,,,defrayal,recepiontists,evacuations,,
395,,,baked yams,,,defrayment,superintedent,clubrooms,,
396,,,doi chaang,,,demand,receptionnist,wellness,,
397,,,pho hoa,,,demitri stavropoulos,ething,tvset,,
398,,,parmigiano reggiano cheese,,,denar,recepionist,bookshop,,
399,,,homemade eggnog,,,deni,staffer,arrangement,,
400,,,prosecco,,,depegged,receipt,connection,,
401,,,raspberry blueberry,,,depew auction,receptiondesk,assignment,,
402,,,rum raisin ice cream,,,depew auction buyers,conceierge,acupressure,,
403,,,grillhouse,,,deposit,friendly,photocopy,,
404,,,ketchup ,,,depositers,staffmembers,bicycle,,
405,,,la noisette,,,depositing,foreman,housekeeping,,
406,,,libation,,,deposition,housekeeping,,,
407,,,cicchetti,,,depositor,,,,
408,,,greasy sugary,,,depository,,,,
409,,,off-licence,,,depreciating asset,,,,
410,,,dark roast,,,derek halpenny currency,,,,
411,,,la taverna,,,deutsche hypothekenbank,,,,
412,,,freddy frozen custard,,,deutschemark,,,,
413,,,grilled eggplant,,,dfmgi,,,,
414,,,sausage ,,,dinar,,,,
415,,,veg recipes,,,dinar denominated,,,,
416,,,instant noodles,,,direct debits,,,,
417,,,delicious ,,,director vincent palazzotto,,,,
418,,,kate maehr,,,dirham,,,,
419,,,whisky,,,disburse,,,,
420,,,barbecue,,,disbursed,,,,
421,,,hove lagoon,,,disbursement,,,,
422,,,la caravelle,,,discharge,,,,
423,,,digestive biscuit,,,discount,,,,
424,,,avocado ,,,discounting,,,,
425,,,primo,,,dkk,,,,
426,,,jameson irish,,,document,,,,
427,,,pancakes waffles,,,dol lar,,,,
428,,,sugo,,,dola grant,,,,
429,,,basil mayo,,,dolalrs,,,,
430,,,margherita,,,dollar,,,,
431,,,ginkgo tree,,,dollar aud,,,,
432,,,raspberry pie,,,dollar bounces back,,,,
433,,,chicken paprikash,,,dollar cur usdyen,,,,
434,,,freshberry frozen yogurt,,,dollar cur usdyen bought,,,,
435,,,lounge,,,dollar currency scorecard,,,,
436,,,prickly pear margaritas,,,dollar denominated boden,,,,
437,,,comfrey,,,dollar denominated libor,,,,
438,,,schweppes,,,dollar edges,,,,
439,,,pork tamales,,,dollar edges higher,,,,
440,,,champagne ,,,dollar index,,,,
441,,,super suppers,,,dollar pares,,,,
442,,,chicken cutlets,,,dollar pares gains,,,,
443,,,cola,,,dollar pares losses,,,,
444,,,riverside promenade,,,dollar peso ndfs,,,,
445,,,butter ,,,dollar reverses,,,,
446,,,panda express,,,dollar slips against,,,,
447,,,bolognaise ,,,dollar steadies,,,,
448,,,grilled panini sandwiches,,,dollar strengthens against,,,,
449,,,dry martini,,,dollar tumbles,,,,
450,,,parsley ,,,dollar yen,,,,
451,,,cardamom cloves,,,dollar yuan ndfs,,,,
452,,,peach ,,,dollars,,,,
453,,,bacon buttie,,,doller,,,,
454,,,gyoza dumplings,,,dolllar,,,,
455,,,rick cafe americain,,,donate,,,,
456,,,kosher deli,,,donation,,,,
457,,,herbal,,,donations,,,,
458,,,molten java,,,dong,,,,
459,,,meat,,,dop,,,,
460,,,chicken lo mein,,,dovish fomc,,,,
461,,,aromatic herbal,,,dow jones aud usd,,,,
462,,,jar,,,down,,,,
463,,,caesar salads,,,downpayment,,,,
464,,,kosher halal,,,drachma,,,,
465,,,grated parmesan cheese,,,dram,,,,
466,,,ration,,,drdgold ltd. drooy,,,,
467,,,bakesale betty,,,drift sideways,,,,
468,,,fondue,,,due,,,,
469,,,foodie haven,,,dues,,,,
470,,,breaded shrimp,,,dunning notices,,,,
471,,,peppermint mocha,,,duration,,,,
472,,,buffet ,,,duty,,,,
473,,,fish ,,,dx y,,,,
474,,,foccacia bread,,,dxy,,,,
475,,,gravy,,,dxy gauge,,,,
476,,,epigallocatechin,,,dzd,,,,
477,,,cream ,,,e##.##,,,,
478,,,roast turkey breast,,,e2bn,,,,
479,,,vegetarian delicacies,,,earl mountbatten hospice,,,,
480,,,l' angolo,,,earmarked,,,,
481,,,chilli turmeric,,,easi buy,,,,
482,,,pasta fagioli,,,eastdil realty co.,,,,
483,,,chicken potpie,,,ebanking account,,,,
484,,,minetta tavern,,,education capital outlay,,,,
485,,,radish ,,,educational enhancement,,,,
486,,,tagliatelle,,,edujobs,,,,
487,,,trattoria,,,elika associates,,,,
488,,,pourer,,,elsa lignos currency,,,,
489,,,tinned meat,,,embi plus,,,,
490,,,supper,,,emerging markets latam,,,,
491,,,mocktails,,,emerging markets stocks,,,,
492,,,butterscotch pie,,,emis equated monthly,,,,
493,,,michael psilakis,,,emolument,,,,
494,,,grilled panini,,,end,,,,
495,,,hamburger,,,endow professorships,,,,
496,,,flavored liqueur,,,endow scholarships,,,,
497,,,grilled shrimp,,,endowment,,,,
498,,,percolator,,,enormous sums,,,,
499,,,bread ,,,enrollees arrange,,,,
500,,,wholesome nutritious,,,eonia,,,,
501,,,greasy burgers,,,eonia =,,,,
502,,,latte macchiato,,,eonia overnight,,,,
503,,,supermarkets delis,,,epathchina.com,,,,
504,,,pistachio ice cream,,,eraf,,,,
505,,,apricot ,,,erbs,,,,
506,,,plateful,,,erdos tch,,,,
507,,,basil,,,ern,,,,
508,,,grilled cheese sandwiches,,,escheat,,,,
509,,,grilled stuft burrito,,,escheated,,,,
510,,,scoozi,,,escrow,,,,
511,,,ryan boldman snyder,,,escrow account,,,,
512,,,tomato sauce mozzarella,,,escrow.com,,,,
513,,,wildfish,,,esplost,,,,
514,,,kebabs,,,estimate,,,,
515,,,salty ,,,estimation,,,,
516,,,sushi,,,estonian kroon,,,,
517,,,snappy tomato,,,etb,,,,
518,,,mama fu,,,eur,,,,
519,,,dining,,,eur aud,,,,
520,,,chopped pistachios,,,eur chf,,,,
521,,,baked sweet potato,,,eur chf euro,,,,
522,,,areca palm,,,eur czk,,,,
523,,,french fries ,,,eur czk pair,,,,
524,,,lasagna noodles,,,eur gbp,,,,
525,,,homemade soups salads,,,eur huf,,,,
526,,,chopped spinach,,,eur jpy,,,,
527,,,lemon balm,,,eur jpy gbp jpy,,,,
528,,,sausage pepperoni,,,eur jpy shedding,,,,
529,,,ito en,,,eur nzd,,,,
530,,,recyclable compostable,,,eur pln pair,,,,
531,,,ice cream cone,,,eur skk,,,,
532,,,foodlink,,,eur skk ##.##,,,,
533,,,flaky biscuits,,,eur skk ##.###,,,,
534,,,ludobites,,,eur usd,,,,
535,,,chronic tacos,,,eur yen,,,,
536,,,hungry cat,,,eur zar,,,,
537,,,honey mustard dressing,,,eur#.##,,,,
538,,,laudisio,,,eur3mfsr =,,,,
539,,,cherry ,,,eur5 billion,,,,
540,,,delicatessen,,,eur5bn,,,,
541,,,organic,,,eurcad,,,,
542,,,brioche buns,,,eurchf,,,,
543,,,ercan bektas,,,eurchf =,,,,
544,,,brasserie,,,eurgbp = d4,,,,
545,,,alcohol ,,,euribor futures,,,,
546,,,ice blended,,,eurjpy,,,,
547,,,surf taco,,,eurnok,,,,
548,,,chambar,,,euro,,,,
549,,,bacardi rum,,,euro cur eurusd,,,,
550,,,curry pastes,,,euro cur euryen,,,,
551,,,delicately perfumed,,,euro curr cur eurusd,,,,
552,,,brunch,,,euro denominated,,,,
553,,,rice krispie treats,,,euro depreciated vis,,,,
554,,,baccala,,,euro eur usd,,,,
555,,,coffee bean,,,euro eurchf =,,,,
556,,,coffee siemionow,,,euro fxe,,,,
557,,,forza coffee shop,,,euro govt bonds,,,,
558,,,pall malls,,,euro govt bunds,,,,
559,,,misko kovijanic,,,euro steadies,,,,
560,,,nosher,,,euro swiss franc,,,,
561,,,noodle bowls,,,euro#.##,,,,
562,,,,,,euro#.###,,,,
563,,,kaiseki meal,,,euro#.####,,,,
564,,,yerba mate tea,,,euro##b,,,,
565,,,bbq pulled pork,,,euroРіСћ,,,,
566,,,tropical fruit juices,,,eurocurrency,,,,
567,,,potato dumplings,,,eurodollar,,,,
568,,,supermarket,,,eurohypo ag,,,,
569,,,toasted baguette,,,eurokiwi,,,,
570,,,supperclub,,,euroyen futures,,,,
571,,,fish and chips,,,eurusd,,,,
572,,,juicy mangoes,,,evening standard dispossessed,,,,
573,,,cheese ,,,exaction,,,,
574,,,borsch,,,excel aid,,,,
575,,,robusta beans,,,excel expanding,,,,
576,,,pineapple ,,,excess crude account,,,,
577,,,coffees smoothies,,,exchange,,,,
578,,,eatwell,,,expence,,,,
579,,,hobee,,,expenditure,,,,
580,,,hungry,,,expense,,,,
581,,,delicious homemade pies,,,expensive,,,,
582,,,wholemeal ,,,explosions rocked neighborhood,,,,
583,,,ghee clarified butter,,,extends downtrend,,,,
584,,,cozy corner,,,extra,,,,
585,,,pesto sauce,,,face value,,,,
586,,,foodwise,,,fare,,,,
587,,,noontime meal,,,febg,,,,
588,,,pork scratchings,,,february lean hogs,,,,
589,,,chili chowder,,,feddis,,,,
590,,,harborside inn,,,federal reserveРґС“,,,,
591,,,pepperoni pizzas,,,fee,,,,
592,,,cafe creme,,,fening,,,,
593,,,add tomato paste,,,fetching y##.##,,,,
594,,,localvore,,,fha insured loan,,,,
595,,,l theanine,,,fha insured mortgage,,,,
596,,,taco toppings,,,figure,,,,
597,,,stuffed crust pizza,,,file mechanic liens,,,,
598,,,cheese toasties,,,filler,,,,
599,,,chili cornbread,,,fils,,,,
600,,,fastfood restaurant,,,financ ing,,,,
601,,,salted peanuts,,,finance,,,,
602,,,truffle,,,finance lavish lifestyle,,,,
603,,,coffee cups,,,financed,,,,
604,,,foodstore,,,financial,,,,
605,,,modak,,,financial stabilization mechanism,,,,
606,,,vegetables fruits,,,financing,,,,
607,,,paani puri,,,fine,,,,
608,,,steaming bowls,,,firm avitas,,,,
609,,,toyshop,,,firmРіСћ,,,,
610,,,hummus tabbouleh,,,firmer commodity,,,,
611,,,packaged snack foods,,,fiscal stabilization fund,,,,
612,,,foodbanks,,,five sixths,,,,
613,,,sugar,,,fixedrate,,,,
614,,,italian chophouse,,,fkp,,,,
615,,,gyro sandwich,,,flexaccount,,,,
616,,,chicken drumsticks,,,fofs view,,,,
617,,,robustas,,,foreclosed properties carbacho burgos,,,,
618,,,specialty coffee,,,forex aud nzd,,,,
619,,,michael schulson,,,forex aud usd,,,,
620,,,el paisano,,,forex dlr,,,,
621,,,grated romano,,,forex dollar,,,,
622,,,chili mac,,,forex dollar climbs,,,,
623,,,poultry,,,forex dollar dips,,,,
624,,,chicken quesadillas,,,forex dollar drops,,,,
625,,,panko,,,forex dollar edges,,,,
626,,,iced cappuccinos,,,forex dollar extends,,,,
627,,,ribs brisket,,,forex dollar falls,,,,
628,,,michelin starred,,,forex dollar pares,,,,
629,,,fast food ,,,forex dollar rallies,,,,
630,,,gourmet pizza,,,forex dollar recovers,,,,
631,,,vegetable stir fry,,,forex dollar retreats,,,,
632,,,salad,,,forex dollar rises,,,,
633,,,pan dulce,,,forex dollar slides,,,,
634,,,sol y sombra,,,forex dollar slips,,,,
635,,,liqueur,,,forex dollar steadies,,,,
636,,,gruyРіС‘re,,,forex dollar surges,,,,
637,,,glenfiddich,,,forex dollar tumbles,,,,
638,,,chicken sandwiches,,,forex eur chf,,,,
639,,,grocery,,,forex eur gbp,,,,
640,,,cava,,,forex eur jpy,,,,
641,,,grilled veggie,,,forex euro,,,,
642,,,margarine ,,,forex euro dips,,,,
643,,,bistro,,,forex euro edges,,,,
644,,,vietnamese banh mi,,,forex euro falls,,,,
645,,,cookies breads,,,forex euro rallies,,,,
646,,,decaf latte,,,forex euro rises,,,,
647,,,grub,,,forex euro slides,,,,
648,,,churrascaria,,,forex euro slips,,,,
649,,,market,,,forex gbp,,,,
650,,,kopitiam,,,forex gbp jpy,,,,
651,,,pizza dough,,,forex nzd usd,,,,
652,,,chipotle chiles,,,forex pound,,,,
653,,,mongolian barbeque,,,forex us,,,,
654,,,baileys,,,forex usd cad,,,,
655,,,fresher tastier,,,forex usd chf,,,,
656,,,shoreline soup kitchen,,,forex usd jpy,,,,
657,,,bean,,,forex yen,,,,
658,,,civet coffee,,,forex yen dips,,,,
659,,,rosa mexicano,,,forex yen edges,,,,
660,,,leaven bread,,,forex yen falls,,,,
661,,,baker ,,,forex yen gains,,,,
662,,,gerald hirigoyen,,,forex yen rises,,,,
663,,,minimall,,,forex yen slips,,,,
664,,,chopped tomatoes,,,forint,,,,
665,,,lafitte landing,,,forint firmed,,,,
666,,,la stalla,,,forint weakened,,,,
667,,,lucy waverman,,,fortune,,,,
668,,,posh nosh,,,forward premia,,,,
669,,,pub ,,,franc,,,,
670,,,porchetta,,,franc depreciated,,,,
671,,,gordita,,,franulovich,,,,
672,,,ritual roasters,,,free,,,,
673,,,iced tea,,,freshman adham,,,,
674,,,homemade hooch,,,friendraising,,,,
675,,,hummus falafel,,,frontmonth,,,,
676,,,decaf cappuccino,,,ftatbnk,,,,
677,,,mezza luna,,,fueloil cargo,,,,
678,,,manapua,,,fund,,,,
679,,,salsa picante,,,fund aicf,,,,
680,,,kiwi ,,,fund raisers,,,,
681,,,panettone,,,funded,,,,
682,,,spaghetti marinara,,,fundholders,,,,
683,,,tgifriday,,,funding,,,,
684,,,bacon ,,,fundraising,,,,
685,,,pigall,,,funds,,,,
686,,,phyllo,,,future fgblc1,,,,
687,,,cream sauces,,,futures #jgbv#,,,,
688,,,bagel bakeries,,,futures clc1,,,,
689,,,la rustica,,,futures closeout,,,,
690,,,celery ,,,fx outlook,,,,
691,,,carp,,,fxnews,,,,
692,,,cheese calzone,,,fxstreet.com cРіС–rdoba,,,,
693,,,dp dough,,,fxstreet.com cРіС–rdoba cable,,,,
694,,,sparkling water,,,fxstreet.com cРіС–rdoba eur usd,,,,
695,,,mia dona,,,fxstreet.com cРіС–rdoba greenback,,,,
696,,,manchu wok,,,gains versus,,,,
697,,,still water,,,gambera,,,,
698,,,duck foie gras,,,garnishee wages,,,,
699,,,pizza,,,garnisheeing wages,,,,
700,,,mineral water ,,,garnishing wages,,,,
701,,,venti latte,,,garvee bonds,,,,
702,,,sauce ,,,gazundering,,,,
703,,,ice cream sundae,,,gbp,,,,
704,,,grilled lamb loin,,,gbp = d4,,,,
705,,,pudding,,,gbp aud,,,,
706,,,hotschedules innovators,,,gbp chf,,,,
707,,,tropicana juice,,,gbp inr,,,,
708,,,coffee shop,,,gbp jpy,,,,
709,,,oolong tea,,,gbp nzd,,,,
710,,,salami sandwiches,,,gbp usd,,,,
711,,,kanan devan,,,gbp usd shedding,,,,
712,,,lamb,,,gbpaud,,,,
713,,,trout ,,,gbpcad,,,,
714,,,grilled kebabs,,,gbpchf,,,,
715,,,tea infusers,,,gbpeur,,,,
716,,,minced shallot,,,gbpnzd,,,,
717,,,modaks,,,gbpusd cable,,,,
718,,,farrelli,,,geisler tragardh,,,,
719,,,kellari,,,gentrader,,,,
720,,,brutopia,,,geoffrey yu currency,,,,
721,,,bahn mi,,,german bund,,,,
722,,,chipotle,,,german bund yields,,,,
723,,,pork ,,,ghana cedi,,,,
724,,,dried pastas,,,ghanaian cedi,,,,
725,,,saint germain des pres,,,ghs,,,,
726,,,fried haddock,,,gijsbert groenewegen partner,,,,
727,,,footlongs,,,gilt futures,,,,
728,,,flavour,,,gilt yield,,,,
729,,,flavored malt,,,gilt yields,,,,
730,,,kebab restaurant,,,global markets dlr,,,,
731,,,chopped lettuce,,,global markets equities,,,,
732,,,hotdogs burgers,,,global markets euro,,,,
733,,,eggnog latte,,,global markets us,,,,
734,,,microwaveable popcorn,,,global markets weak,,,,
735,,,gnocchi,,,gnf,,,,
736,,,roastery,,,goco grant,,,,
737,,,folgers,,,gold price news,,,,
738,,,grilled pita,,,gold steadies,,,,
739,,,chai tea latte,,,gold xau,,,,
740,,,shrimp kabobs,,,gold xau =,,,,
741,,,da silvano,,,gradual devaluation,,,,
742,,,baked custard,,,grains soybeans,,,,
743,,,karaoke bar,,,grant,,,,
744,,,chocolate martinis,,,grants,,,,
745,,,la carreta,,,gravy,,,,
746,,,odwalla juice,,,greece emporiki,,,,
747,,,pike ,,,greek drachmas,,,,
748,,,caffРіВ©,,,greenback,,,,
749,,,stuffed crust,,,greg katsas,,,,
750,,,sipping espresso,,,gross pa aer,,,,
751,,,chocolate mousse,,,grossly overbought,,,,
752,,,thom pham,,,grossly overcharged,,,,
753,,,champagne,,,gspic,,,,
754,,,mojito,,,gst payable,,,,
755,,,roast pork sandwich,,,gst rebate,,,,
756,,,cider,,,gtq,,,,
757,,,blueberry ,,,guaranteed,,,,
758,,,grilled swordfish,,,guaranteeing interbank lending,,,,
759,,,carhops,,,guarseed futures,,,,
760,,,vermouths,,,gyd,,,,
761,,,manchego,,,haggler,,,,
762,,,philly pretzel factory,,,halala,,,,
763,,,grilled steak,,,haler,,,,
764,,,ice cream ,,,halting redemptions,,,,
765,,,apple ,,,hamp modification,,,,
766,,,reusable cups,,,handle,,,,
767,,,osteria mozza,,,hanoi hastc index,,,,
768,,,rumbling tummies,,,hdb resale flat,,,,
769,,,menu ,,,heavyweight edp,,,,
770,,,greek gyros,,,hegemonic currency,,,,
771,,,salad bar,,,heightened risk aversion,,,,
772,,,homemade mashed potatoes,,,henrik gullberg currency,,,,
773,,,momofuku ssam bar,,,hgaa,,,,
774,,,strawberry rhubarb pie,,,hibors,,,,
775,,,spice ,,,high yielders,,,,
776,,,wassail,,,higher education endowment,,,,
777,,,donuts delite,,,higher yielding currencies,,,,
778,,,parmesan cheese,,,hirer,,,,
779,,,quickservice,,,hirschmueller,,,,
780,,,complimentary appetizers,,,hkma intervenes,,,,
781,,,iced mocha,,,hnl,,,,
782,,,miso soup,,,homeloan,,,,
783,,,tapas bar,,,homeloans,,,,
784,,,roasterie,,,homesellers,,,,
785,,,veggy,,,hour,,,,
786,,,barbecued pork ribs,,,house hunting tip,,,,
787,,,itsu,,,hrk,,,,
788,,,rancho bernardo escondido,,,hryvnia,,,,
789,,,goulash ,,,hryvnia currency,,,,
790,,,crust pizza,,,hryvnya,,,,
791,,,foodie mecca,,,hsdf,,,,
792,,,blackberry ,,,huf###.##,,,,
793,,,creamery ice cream,,,huge sums,,,,
794,,,steakhouses,,,hungarian forint,,,,
795,,,wichcraft,,,hungary forint,,,,
796,,,carbonated drinks,,,hurf,,,,
797,,,linguini,,,hydeskov,,,,
798,,,unsweetened cranberry juice,,,hypothekenbank,,,,
799,,,venison burger,,,ian stannard currency,,,,
800,,,liqueurs,,,ian stannard senior,,,,
801,,,pepperoni slices,,,ibnks.t,,,,
802,,,chain pret manger,,,ice brent lcoc1,,,,
803,,,mccafe espresso based,,,iceland krona,,,,
804,,,toojay,,,icelandic krРіС–na,,,,
805,,,pies pastries,,,icelandic krona,,,,
806,,,meaty marinara,,,icelandic krona isk,,,,
807,,,milletto,,,icesave,,,,
808,,,restaurateur,,,icesave savers,,,,
809,,,ristretto,,,idr,,,,
810,,,manhattan,,,idr9,,,,
811,,,nutritious snacks,,,idsdoc,,,,
812,,,vodka martini,,,ielec.t quote profile research,,,,
813,,,roasted vegetable,,,ikb deutsche industriebank,,,,
814,,,marinated meats,,,imp,,,,
815,,,la tapatia,,,impala platinum holdings impuy,,,,
816,,,oil ,,,implied vol,,,,
817,,,greengrocer ,,,implied vol 3m,,,,
818,,,sweetened coconut,,,implied volatilities,,,,
819,,,enoteca,,,implied vols,,,,
820,,,tomato,,,importer,,,,
821,,,veal piccata,,,imvume investments,,,,
822,,,steaming mug,,,income,,,,
823,,,kashi cereal,,,income tax edit,,,,
824,,,aperitifs,,,indemnification,,,,
825,,,piccolo sogno,,,index index dxy,,,,
826,,,chocolate milkshake,,,indian rupee,,,,
827,,,low-fat,,,individual retirement arrangement,,,,
828,,,prepackaged salads,,,indonesian rupiah,,,,
829,,,sashimi sushi,,,infinity,,,,
830,,,carbohydrate,,,inflation erodes,,,,
831,,,rockpool bar,,,infusion lasorda,,,,
832,,,food depot alimentaire,,,initiatives pfis,,,,
833,,,salads burgers,,,inkind,,,,
834,,,freshly grated parmigiano reggiano,,,inmate commissary,,,,
835,,,gorditas,,,inmate welfare,,,,
836,,,cacciatore,,,inr,,,,
837,,,artisan chocolatiers,,,installment,,,,
838,,,narrow alleyway,,,instant,,,,
839,,,juicy hamburger,,,interbank,,,,
840,,,tiki bar,,,interbank borrowing,,,,
841,,,hillandale barns,,,interday,,,,
842,,,overstuffed armchair,,,interest rates,,,,
843,,,tostada,,,interestrates,,,,
844,,,michele bachman,,,interfund,,,,
845,,,hamburger steaks,,,interfund loan,,,,
846,,,plowman lunches,,,interfund loans,,,,
847,,,grilled chicken strips,,,intermonth spread,,,,
848,,,prosciutto crudo,,,interpret satisfaction guaranteed,,,,
849,,,bacon sarnies,,,interst rates,,,,
850,,,shamiana,,,interval,,,,
851,,,kvass,,,intesa sanpaolo,,,,
852,,,unripe fruits,,,intraday lows,,,,
853,,,tea,,,intraday volatility,,,,
854,,,cranberry apple,,,invest,,,,
855,,,iced lattes,,,invested,,,,
856,,,ice creams,,,investible funds,,,,
857,,,vanilla mocha,,,investica adds,,,,
858,,,puttanesca sauce,,,investing,,,,
859,,,tapas,,,investment,,,,
860,,,chicken sandwich,,,investment program etip,,,,
861,,,chez papa,,,investor,,,,
862,,,shredded cheddar,,,invoice,,,,
863,,,broccoli spears,,,invoice discounting,,,,
864,,,drinks,,,invoicement,,,,
865,,,butcher,,,ipe brent crude,,,,
866,,,chicken mcnugget,,,ipers,,,,
867,,,ciabatta sandwiches,,,ira custodian,,,,
868,,,pepperoni slice,,,ira rollover,,,,
869,,,preservatives colorings,,,iraimbilanja,,,,
870,,,ramen,,,iras roth iras,,,,
871,,,gooseberry ,,,irelandРіСћ,,,,
872,,,nori rolls,,,irr,,,,
873,,,mangia bene,,,irrevocable trust,,,,
874,,,rum,,,isa saver,,,,
875,,,flatbread pizzas,,,itemized breakdown,,,,
876,,,iced cupcakes,,,iteqp.t,,,,
877,,,carrot ,,,its upromise affiliates,,,,
878,,,pancakes sausage eggs,,,jalinoos,,,,
879,,,mozzerella,,,japan ese yen,,,,
880,,,craftbar,,,japan francois broche,,,,
881,,,panera breads,,,japanese yen,,,,
882,,,chocolates ice creams,,,japanese yen jpy,,,,
883,,,hamburgers fried chicken,,,jerry hudlow,,,,
884,,,laundromat,,,jesper dannesboe,,,,
885,,,gravy stuffing,,,jgb futures #jgbv#,,,,
886,,,glasses clink,,,jgb futures edged,,,,
887,,,grits toast,,,jgb yields,,,,
888,,,duxelles,,,jiao,,,,
889,,,comfy couches,,,joe manimbo,,,,
890,,,daiquiri,,,joseph capurso currency,,,,
891,,,sausage sandwiches,,,jp5ytn = jbtc,,,,
892,,,figaro pizza,,,jpy,,,,
893,,,pantries soup kitchens,,,jpy =,,,,
894,,,pancetta,,,jpy inr,,,,
895,,,gourmet grocer,,,jpy##.#,,,,
896,,,stuffed ravioli,,,jpy##.##,,,,
897,,,halal,,,jpy###.#,,,,
898,,,pasta ,,,jpy###.##,,,,
899,,,chocolate malted,,,judiciously utilized,,,,
900,,,meatball ,,,kanam,,,,
901,,,kangra tea,,,kapt,,,,
902,,,strawberry ,,,kasasa saver account,,,,
903,,,chocolate fudge brownie,,,kasikov,,,,
904,,,vinacafe,,,kathy lien,,,,
905,,,samosa,,,kazakh tenge,,,,
906,,,boca java,,,kcbt wheat,,,,
907,,,rosehip,,,kengo suzuki currency,,,,
908,,,minimarket,,,kenya shilling,,,,
909,,,decaf coffees,,,kenya shillings,,,,
910,,,posto,,,kenyan shilling,,,,
911,,,cookbook,,,kes,,,,
912,,,le peep,,,kgs,,,,
913,,,freshly baked goodies,,,khoums,,,,
914,,,bottled iced tea,,,khr,,,,
915,,,shrimp appetizer,,,kid,,,,
916,,,cereal pasta,,,kikuko takeda,,,,
917,,,espresso,,,kirkham baths,,,,
918,,,tomato sauce,,,kitakura,,,,
919,,,sourdough rolls,,,kiwi,,,,
920,,,salads desserts,,,kiwi aussie,,,,
921,,,locally sourced organic,,,kiwisaver scheme,,,,
922,,,gelati,,,kltm,,,,
923,,,oak shaded squares,,,kmf,,,,
924,,,farro,,,koji fukaya chief,,,,
925,,,ice cream sandwiches,,,koji fukaya senior,,,,
926,,,munchy,,,komercni,,,,
927,,,maison bleue,,,kommunalkredit,,,,
928,,,flauta,,,kopeck,,,,
929,,,roastbeef ,,,kopek,,,,
930,,,verace,,,koruna,,,,
931,,,vegetarian cuisine,,,kpw,,,,
932,,,plates cups,,,krРіС–na,,,,
933,,,gourmet deli,,,kristjan kasikov currency,,,,
934,,,attentive waiters,,,krona,,,,
935,,,topz healthier burger,,,krone,,,,
936,,,eatz,,,kroon,,,,
937,,,jimbaran beach,,,krw,,,,
938,,,venti,,,krw =,,,,
939,,,coffee drinkers,,,krw###.#,,,,
940,,,appletini,,,krw1,,,,
941,,,martini,,,"krw1 ,### krw1",,,,
942,,,espresso bar,,,krw1 ###.#,,,,
943,,,wine shoppe,,,kshs,,,,
944,,,prosciutto di parma,,,kuwait index kwse,,,,
945,,,day,,,kuwaiti dinar,,,,
946,,,greek taverna,,,kwacha,,,,
947,,,bruschettas,,,kwanza,,,,
948,,,citrus rind,,,kwd,,,,
949,,,upscale,,,kyson stowell college,,,,
950,,,pizza parlor,,,kzt,,,,
951,,,ginseng,,,la carte egg,,,,
952,,,jelly sweets,,,ladyzhenskiy headed,,,,
953,,,homemade pasta,,,lak,,,,
954,,,dutch ovens,,,landsbanki icesave,,,,
955,,,julienned vegetables,,,lara rhame currency,,,,
956,,,eggs benedict,,,latam stocks,,,,
957,,,homemade baked beans,,,latvian lat,,,,
958,,,breadless,,,lawton chiles endowment,,,,
959,,,marinated steak,,,lawyer,,,,
960,,,genetically modified taro,,,lbp,,,,
961,,,chopped olives,,,lchip,,,,
962,,,food ography,,,lcoc1 settled,,,,
963,,,lemon lime soft,,,lean hog futures,,,,
964,,,nosh,,,legislature appropriates,,,,
965,,,bagels pastries,,,legitimate sweepstakes,,,,
966,,,wholemeal toast,,,lek,,,,
967,,,milkshake ,,,lembo zisa,,,,
968,,,fried cauliflower,,,lend,,,,
969,,,compostable containers,,,lendable funds,,,,
970,,,hotel griffou,,,lender,,,,
971,,,snack ,,,lender forecloses,,,,
972,,,decaf coffee,,,lending,,,,
973,,,tomato aspic,,,lenfest foundation,,,,
974,,,paninis,,,lessee,,,,
975,,,plum brandy,,,lessor,,,,
976,,,toasted bagels,,,leu,,,,
977,,,egg nog,,,leu currency,,,,
978,,,bean coffee shop,,,leu ron,,,,
979,,,latte,,,lev,,,,
980,,,delectables,,,levy,,,,
981,,,vodka rum,,,lgea,,,,
982,,,inamo,,,lgip,,,,
983,,,greasy burger,,,libor,,,,
984,,,fried ,,,libor ois,,,,
985,,,jasmine petals,,,libor ois spread,,,,
986,,,kebob,,,libors,,,,
987,,,shingle inn,,,licence,,,,
988,,,discount liquors,,,lien,,,,
989,,,spaghetti bolognese,,,lienholder,,,,
990,,,pizza calzone,,,lightspeed venture partners,,,,
991,,,miso ramen,,,lipa,,,,
992,,,chocolate biscuits,,,liquidation,,,,
993,,,allergy,,,lira,,,,
994,,,roasted beans,,,lira firmed,,,,
995,,,grilled salmon fillet,,,lira weakened,,,,
996,,,jay mcsharry,,,lme billet,,,,
997,,,la palette,,,lme tin,,,,
998,,,herbs ,,,loan,,,,
999,,,rice ,,,loan disbursal,,,,
1000,,,pig hip,,,loan originator,,,,
1001,,,savory biscuits,,,loanable,,,,
1002,,,dried tart cherries,,,loanmarq,,,,
1003,,,alphonso,,,lockbox processing,,,,
1004,,,stum ,,,lodgement,,,,
1005,,,restuarant,,,lodgment,,,,
1006,,,wholewheat,,,loonie,,,,
1007,,,guayaki yerba mate,,,loonie rises,,,,
1008,,,muffins cookies,,,loonie soars,,,,
1009,,,spaghetti sauce,,,loonie tumbles,,,,
1010,,,summerlicious,,,lopfi,,,,
1011,,,paprika ,,,low versus,,,,
1012,,,foodshare,,,lrd,,,,
1013,,,chicken dumpling soup,,,lsl,,,,
1014,,,katz deli,,,ltaf,,,,
1015,,,raspberry iced tea,,,luma,,,,
1016,,,cafe gratitude,,,lump sum,,,,
1017,,,cavatappi,,,lump sum payout,,,,
1018,,,raspberry puree,,,lump sump,,,,
1019,,,fentimans,,,lump sums,,,,
1020,,,veal saltimbocca,,,luxalpha fund,,,,
1021,,,shrimp alfredo,,,lyd,,,,
1022,,,vanilla latte,,,macmillan cancer care,,,,
1023,,,hungry howie pizza,,,madoff swindled,,,,
1024,,,homemade lemonade,,,magyar nemzeti bank,,,,
1025,,,lifebuoy soap,,,mainecare reimbursements,,,,
1026,,,shandy,,,mainsail ii,,,,
1027,,,veggie pita,,,maintains homie,,,,
1028,,,coffee maker,,,major counterparts,,,,
1029,,,food finders,,,maki shimizu,,,,
1030,,,dumplings ,,,malaysian ringgit,,,,
1031,,,cafe ,,,maltese lira,,,,
1032,,,freshly baked pies,,,manat,,,,
1033,,,hot wok,,,manat exchange,,,,
1034,,,grilled tofu,,,marginally firmer,,,,
1035,,,pizza parlors,,,marginally vis РіВ ,,,,
1036,,,ham roast beef,,,mark,,,,
1037,,,corner bistro,,,market,,,,
1038,,,shakes ,,,market report stocks,,,,
1039,,,fried pickles,,,market watch crude,,,,
1040,,,brew pub,,,market watch energy,,,,
1041,,,kombucha tea,,,markup,,,,
1042,,,caribou coffee,,,martin deboo,,,,
1043,,,ritual coffee roasters,,,masaki fukui senior,,,,
1044,,,pithas,,,masashi kurabe currency,,,,
1045,,,homemade soup,,,masataka horii,,,,
1046,,,famished,,,massively overvalued,,,,
1047,,,cheesesteak,,,mauritian rupee,,,,
1048,,,nan,,,mcx cardamom,,,,
1049,,,drink,,,mdl,,,,
1050,,,gnocchi alla,,,medisave accounts,,,,
1051,,,coffees teas,,,megafund,,,,
1052,,,faygo pop,,,megaplier,,,,
1053,,,naturally decaffeinated,,,mentha oil futures,,,,
1054,,,casserole,,,merchants credit card,,,,
1055,,,burger,,,metals copper dips,,,,
1056,,,creamy potato salad,,,metals copper ends,,,,
1057,,,georges perrier,,,metals copper falls,,,,
1058,,,old spaghetti factory,,,metals copper slips,,,,
1059,,,shells seafood,,,metals lme copper,,,,
1060,,,fresh buffalo mozzarella,,,metals stocks gold,,,,
1061,,,ice cream,,,metical,,,,
1062,,,portabella mushroom,,,mex##,,,,
1063,,,tuna melt,,,mex## firmed #.##,,,,
1064,,,mint tea,,,mex## gained,,,,
1065,,,lasagna bolognese,,,mex## quote profile research,,,,
1066,,,brewed teas,,,mex## weakened #.##,,,,
1067,,,fastfood chains,,,mexican peso,,,,
1068,,,diet cokes,,,mexican peso mxn,,,,
1069,,,microbrew beers,,,mexico peso firmed,,,,
1070,,,unfried,,,mga,,,,
1071,,,mangetout,,,miapj####pus edged,,,,
1072,,,steamed vegetables,,,miapj####pus rose,,,,
1073,,,zucchini,,,miapjmt##pus,,,,
1074,,,matcha,,,mias#####pus,,,,
1075,,,pony espresso,,,midrate,,,,
1076,,,lightly buttered,,,mila#####pus,,,,
1077,,,pizza chicken nuggets,,,million,,,,
1078,,,minestrone,,,minimums fdic insured,,,,
1079,,,portobellos,,,minori uchida senior,,,,
1080,,,spaghetti warehouse,,,mins,,,,
1081,,,basket ,,,minutes,,,,
1082,,,caesar salad,,,misallocated,,,,
1083,,,steamed broccoli,,,miwd#####pus,,,,
1084,,,osso buco,,,miwd#####pus rose,,,,
1085,,,sparkling,,,mkts glob,,,,
1086,,,funnel cakes ice cream,,,mmk,,,,
1087,,,simply heathcotes,,,mnt,,,,
1088,,,coffee roasters,,,mnts,,,,
1089,,,ground beef patty,,,mo ney,,,,
1090,,,overweight,,,mohi uddin,,,,
1091,,,jeboo.com,,,monetary,,,,
1092,,,diet sprite,,,monetize,,,,
1093,,,roasting plant,,,money,,,,
1094,,,potato ,,,money markets euro,,,,
1095,,,supper thyme,,,money markets interbank,,,,
1096,,,kaldi,,,money markets libor,,,,
1097,,,digestif,,,money-back,,,,
1098,,,cocktail,,,moneyback,,,,
1099,,,sweets,,,moneyback bank,,,,
1100,,,ghar ka khana,,,monies,,,,
1101,,,pizzeria,,,monies collected,,,,
1102,,,pewter rose,,,monies raised,,,,
1103,,,daal chawal,,,monte paschi,,,,
1104,,,butternut squash,,,month,,,,
1105,,,hops malt,,,monthРґС“,,,,
1106,,,sweetcorn ,,,monthly prebate,,,,
1107,,,cabbage ,,,mop,,,,
1108,,,cookies ,,,morningstar kinnel,,,,
1109,,,farmed fish,,,mort gage,,,,
1110,,,lunchmeat,,,mortage lender,,,,
1111,,,disgusting ,,,mortgage,,,,
1112,,,espresso capsules,,,mortgage lender,,,,
1113,,,snack bar,,,mortgagee,,,,
1114,,,meatball,,,mortgager,,,,
1115,,,gourmet cupcakes,,,mortgagor,,,,
1116,,,meal,,,mortgate,,,,
1117,,,vodka sauce,,,mosprime,,,,
1118,,,cheap eats,,,mr barbetti,,,,
1119,,,raspberry ,,,mr boulger,,,,
1120,,,chalupas,,,mr capurso,,,,
1121,,,salads soups,,,mr cavenagh,,,,
1122,,,ginseng root,,,mr kusher,,,,
1123,,,casual dining segment,,,mr leppinus,,,,
1124,,,mancy,,,mr pontikis,,,,
1125,,,vegan cupcakes,,,mr senlitonga,,,,
1126,,,carp ,,,mr serebriakov,,,,
1127,,,nonalcoholic cocktails,,,mr shipside,,,,
1128,,,tootie pie gourmet,,,mr vrondas,,,,
1129,,,mint candies,,,mr waterer,,,,
1130,,,rusty pelican,,,ms sadgrove,,,,
1131,,,cream teas,,,ms trinh,,,,
1132,,,real ale,,,ms. nalbantoglu,,,,
1133,,,breakfast ,,,ms. quiray,,,,
1134,,,coldstone creamery,,,msciapj,,,,
1135,,,scotch lamb,,,mscief,,,,
1136,,,osteria marco,,,msciwd,,,,
1137,,,potato flakes,,,msref,,,,
1138,,,hubble bubble,,,mth highs,,,,
1139,,,rouladen,,,mth lows,,,,
1140,,,ruby diner,,,mth peak,,,,
1141,,,seafood ,,,multibillion dollar writedown,,,,
1142,,,cupcakes cookies,,,multidecade highs,,,,
1143,,,shrimp quesadillas,,,multimonth highs,,,,
1144,,,greasy hamburgers,,,multimonth lows,,,,
1145,,,supply,,,multiweek lows,,,,
1146,,,mozzarella sticks,,,mur,,,,
1147,,,cray fishing relishing,,,mvr,,,,
1148,,,onion ,,,mvst,,,,
1149,,,fried mushrooms,,,mxn,,,,
1150,,,broccoli ,,,mychoicehomebuy,,,,
1151,,,spaghetti os,,,myr,,,,
1152,,,macchiatos,,,myton hospice,,,,
1153,,,mushroom ,,,mzn,,,,
1154,,,shoestring fries,,,n.am,,,,
1155,,,snack,,,n3million,,,,
1156,,,norrebro,,,nab strategists,,,,
1157,,,dttc,,,naira,,,,
1158,,,allergic ,,,nakheel bondholders,,,,
1159,,,tukuitonga,,,namcal,,,,
1160,,,dunkin donuts,,,nass butter,,,,
1161,,,kfc fried chicken,,,nastacie,,,,
1162,,,minimart,,,nbnk,,,,
1163,,,chez nico,,,nbonds,,,,
1164,,,espresso coffees,,,neediest cases fund,,,,
1165,,,fruits ,,,negotiating prepackaged bankruptcy,,,,
1166,,,meat ,,,nest egg,,,,
1167,,,steamed jasmine rice,,,nestegg,,,,
1168,,,,,,net r##.###,,,,
1169,,,chun shui,,,netbank,,,,
1170,,,kenya tbk,,,ngultrum,,,,
1171,,,beans ,,,nibor,,,,
1172,,,roast turkey ,,,niccolo pini,,,,
1173,,,going shopping: ,,,niels christensen currency,,,,
1174,,,mi ranchito,,,niels christensen fx,,,,
1175,,,boneless breast,,,nigerian naira,,,,
1176,,,roasted coffees,,,nio,,,,
1177,,,pane bianco,,,nissan altima saturn aura,,,,
1178,,,hamburgers,,,njbest,,,,
1179,,,hotdogs popcorn,,,nmce rubber futures,,,,
1180,,,eat,,,non refundable deposit,,,,
1181,,,toast,,,nonappropriated,,,,
1182,,,greasy spoon,,,noncharitable,,,,
1183,,,iced latte,,,nondeductible contributions,,,,
1184,,,deli platters,,,nondollar,,,,
1185,,,book a table,,,noneducation,,,,
1186,,,barbecued ribs,,,nonmortgage debt,,,,
1187,,,homecooked meals,,,nonpayment,,,,
1188,,,dining establishments,,,nonproperty tax,,,,
1189,,,frank falcinelli,,,nonrecourse loans,,,,
1190,,,huhot,,,nonrefundable deposit,,,,
1191,,,dom perignon champagne,,,nonretirement,,,,
1192,,,chicken ,,,nonretirement accounts,,,,
1193,,,gordon biersch brewery,,,nontax revenue,,,,
1194,,,steak,,,nontax revenues,,,,
1195,,,chivas regal,,,nontransportation,,,,
1196,,,turkey dinners,,,nordvig,,,,
1197,,,francese,,,norway krone,,,,
1198,,,oolong,,,norwegian krone,,,,
1199,,,herring ,,,norwegian krone nok,,,,
1200,,,fuzio,,,norwegian kroner,,,,
1201,,,self-service restaurant,,,notes ust3yr,,,,
1202,,,strawberry lemonade,,,npr,,,,
1203,,,lager shandy,,,nre fcnr,,,,
1204,,,mcleod russel india,,,nsea crude forties,,,,
1205,,,banana ,,,nstock index futures,,,,
1206,,,toothpaste tampons,,,nymex crude futures,,,,
1207,,,vegetables ,,,nymex crude slips,,,,
1208,,,paan shop,,,nymex wti,,,,
1209,,,la cabane,,,nz dlr,,,,
1210,,,la petite maison,,,nzd,,,,
1211,,,fermented grape,,,nzd = d4,,,,
1212,,,breaded steak,,,nzd aud,,,,
1213,,,chicory coffee,,,nzd jpy,,,,
1214,,,stinking rose,,,nzd usd,,,,
1215,,,makgeolli,,,nzd usd kiwi,,,,
1216,,,kir,,,nzdjpy,,,,
1217,,,lenore greenstein,,,nzealand shares,,,,
1218,,,foodbank,,,offer,,,,
1219,,,salad fixings,,,offerer,,,,
1220,,,pita pocket,,,offerings nfos,,,,
1221,,,egcg epigallocatechin gallate,,,offeror,,,,
1222,,,diet,,,oil clc1,,,,
1223,,,malio,,,oil steadies above,,,,
1224,,,brownie sundae,,,oilprices,,,,
1225,,,gingersnap cookies,,,omani rial,,,,
1226,,,chocolate,,,omr,,,,
1227,,,bakeries delis,,,onecap,,,,
1228,,,orange ,,,operation enfant soleil,,,,
1229,,,grilled veal chop,,,order,,,,
1230,,,biscuits ,,,oslad,,,,
1231,,,hygiene,,,ouguiya,,,,
1232,,,koshihikari rice,,,outlay,,,,
1233,,,dish rag,,,overbid,,,,
1234,,,mocha lattes,,,overbuying,,,,
1235,,,omelets,,,overdeal,,,,
1236,,,pizzeria paradiso,,,overdraft,,,,
1237,,,roast beef ,,,overexpenditures,,,,
1238,,,sugars starches,,,overfund,,,,
1239,,,tearooms,,,overfunded pension,,,,
1240,,,fattening snacks,,,overfunded pension fund,,,,
1241,,,las casuelas,,,overfunding,,,,
1242,,,guac,,,overnight libor,,,,
1243,,,gramercy tavern,,,overpay,,,,
1244,,,milk,,,overpayment,,,,
1245,,,spinach salad,,,overprice,,,,
1246,,,bacardi ,,,overpricing,,,,
1247,,,fontina cheese,,,override opponents,,,,
1248,,,noodle shops,,,owner,,,,
1249,,,food stamps,,,oyra,,,,
1250,,,nasdaq peet,,,p##.## p##.##,,,,
1251,,,navajo tacos,,,paid,,,,
1252,,,flavonoids antioxidants,,,palladium xpd =,,,,
1253,,,li cares,,,pam westhoff,,,,
1254,,,grassfed beef,,,passport,,,,
1255,,,parisian cafe,,,pataca,,,,
1256,,,homemade soups,,,paul mackel currency,,,,
1257,,,jazzman cafe,,,pavala vaddi scheme,,,,
1258,,,flavored iced teas,,,pay,,,,
1259,,,mandazi,,,pay off,,,,
1260,,,spaghetti lasagna,,,pay pal,,,,
1261,,,celeriac remoulade,,,pay pal account,,,,
1262,,,red meat ,,,pay-off,,,,
1263,,,steak fries,,,payable,,,,
1264,,,vegetable,,,paycheck,,,,
1265,,,nutro max,,,payday loan tree,,,,
1266,,,vanilla icecream,,,payee,,,,
1267,,,parsley garnish,,,payfor,,,,
1268,,,cherry liqueur,,,payg installments,,,,
1269,,,prosciutto,,,paying,,,,
1270,,,roast dinners,,,paying bidder,,,,
1271,,,grilled brats,,,payment,,,,
1272,,,fragrant soaps,,,payoff,,,,
1273,,,grapefruit ,,,payouts,,,,
1274,,,salade nicoise,,,paypal,,,,
1275,,,white,,,payroll,,,,
1276,,,giorgio locatelli,,,payroll deductions,,,,
1277,,,macaroni salad baked beans,,,payroll withholdings,,,,
1278,,,rebours,,,pbgf,,,,
1279,,,kefi,,,pcx fxe closed,,,,
1280,,,take-away,,,pen,,,,
1281,,,iams proactive health,,,pen#.###,,,,
1282,,,la tavola,,,pen#.### per,,,,
1283,,,cake ,,,penalty,,,,
1284,,,loaf ,,,pennvest loan,,,,
1285,,,grapefruit juices,,,penny,,,,
1286,,,sippable,,,pension,,,,
1287,,,icecream,,,pensions endowments,,,,
1288,,,picnic,,,percentage,,,,
1289,,,greasy ,,,period,,,,
1290,,,luka taproom,,,permanent mineral,,,,
1291,,,marinated grilled chicken,,,peru sol,,,,
1292,,,lychee martinis,,,peruvian sol,,,,
1293,,,cucumber ,,,pesewa,,,,
1294,,,bakehouse,,,peso,,,,
1295,,,gimlet,,,peso closes,,,,
1296,,,coffee,,,peso depreciated,,,,
1297,,,grated zucchini,,,peso firmed,,,,
1298,,,hungry hound,,,peso mex##,,,,
1299,,,canned soups,,,peso mxn =,,,,
1300,,,sweet lassi,,,peso mxn = mex##,,,,
1301,,,steaming cup,,,peso weakened,,,,
1302,,,food,,,peso weakens,,,,
1303,,,leek lettuce ,,,pett funds,,,,
1304,,,tomato salsa,,,phil streible senior,,,,
1305,,,salami ,,,philippine peso,,,,
1306,,,shellfish,,,php,,,,
1307,,,instant mashed potatoes,,,php2 billion,,,,
1308,,,fatma belaid stayed,,,piastre,,,,
1309,,,storefront,,,piece,,,,
1310,,,juice,,,piggybank,,,,
1311,,,chocolate decadence,,,pinebridge,,,,
1312,,,fat tire beer,,,pittance,,,,
1313,,,vinegar,,,places r#.## r#.##,,,,
1314,,,izakaya,,,platinum xpt =,,,,
1315,,,jimmy'z,,,player hardship,,,,
1316,,,roast beef,,,pln huf,,,,
1317,,,cream cheese ,,,pnd,,,,
1318,,,la bottega,,,poisha,,,,
1319,,,rose pistola,,,pokagon fund,,,,
1320,,,vegetarian,,,poland zloty,,,,
1321,,,sandwich,,,polish zloty,,,,
1322,,,oysters rockefeller,,,pork bellies closed,,,,
1323,,,chicken croquettes,,,pork cutout values,,,,
1324,,,birthday cake ,,,postdated checks,,,,
1325,,,iceberg lettuce salad,,,pound,,,,
1326,,,vitamin,,,pound gbp,,,,
1327,,,breadstick,,,pound gbp usd,,,,
1328,,,lump crab meat,,,pound sterling,,,,
1329,,,mezze platter,,,powerball jackpots exceeded,,,,
1330,,,goutte d' or,,,powerhouse properties,,,,
1331,,,jams preserves,,,ppel,,,,
1332,,,pie ,,,prb,,,,
1333,,,delicatessen ,,,prebates,,,,
1334,,,jean louis palladin,,,precious gold climbs,,,,
1335,,,cauliflower ,,,precious gold dips,,,,
1336,,,meats cheeses breads,,,precious gold drops,,,,
1337,,,singha beer,,,precious gold eases,,,,
1338,,,owner talal chahine,,,precious gold edges,,,,
1339,,,steak sandwiches,,,precious gold extends,,,,
1340,,,vodka,,,precious gold falls,,,,
1341,,,nian gao,,,precious gold rises,,,,
1342,,,lime ,,,precious gold slips,,,,
1343,,,mecca bah,,,precious gold steadies,,,,
1344,,,crРіС‘me brРіВ»lРіВ©e,,,precious gold steady,,,,
1345,,,tea pot,,,precious gold ticks,,,,
1346,,,la calle doce,,,prefund,,,,
1347,,,noodle,,,prem sarin,,,,
1348,,,baked tofu,,,premium,,,,
1349,,,fresh brewed coffee,,,prepayment,,,,
1350,,,malted beverages,,,pretax,,,,
1351,,,neccessities,,,price,,,,
1352,,,simrany,,,pricelist,,,,
1353,,,breaded pork tenderloin,,,prices clc1,,,,
1354,,,pancake griddle,,,pricing,,,,
1355,,,meatless mondays,,,proc fee,,,,
1356,,,spinach,,,proc fees,,,,
1357,,,oyster bar,,,procedure,,,,
1358,,,savory delights,,,proceeds,,,,
1359,,,cognac,,,procuration fee,,,,
1360,,,panchero,,,procuration fees,,,,
1361,,,bbq pork,,,profts,,,,
1362,,,chocolate morsels,,,prop 1b,,,,
1363,,,panino,,,prop. 1b,,,,
1364,,,snack-bar ,,,prop. 1e,,,,
1365,,,cappuccino,,,prudential borrowing,,,,
1366,,,roasted chicken,,,puchase,,,,
1367,,,unsweet tea,,,puchases,,,,
1368,,,perishable foodstuffs,,,pul,,,,
1369,,,cocktail weenies,,,pula,,,,
1370,,,ice cream sorbets,,,purchase,,,,
1371,,,wasabi sushi,,,purchaser,,,,
1372,,,pesto cream,,,purchasing,,,,
1373,,,dolci,,,qar,,,,
1374,,,pesticide residues,,,qatari riyal,,,,
1375,,,takeaway curries,,,qscb,,,,
1376,,,mustard ,,,quantitive easing,,,,
1377,,,tea room,,,quarters dimes nickels,,,,
1378,,,greasy grub,,,quid,,,,
1379,,,salad breadsticks,,,quittance,,,,
1380,,,chew qat,,,quotation,,,,
1381,,,creamy horseradish,,,r#.## r#.##,,,,
1382,,,sausage sizzle,,,r#.##/dollar,,,,
1383,,,quiche lorraine,,,r#.##/us,,,,
1384,,,restaurant,,,r##billion,,,,
1385,,,munchie,,,"r1 ,4 billion",,,,
1386,,,pizza rustica,,,r2 4m,,,,
1387,,,mocha java,,,"r7 ,##",,,,
1388,,,cantinetta,,,rake-off,,,,
1389,,,gourme,,,rand,,,,
1390,,,peppermint ice cream,,,rand depreciated,,,,
1391,,,grated cheese,,,rand firmed,,,,
1392,,,locanda locatelli,,,ransom,,,,
1393,,,main course,,,rate,,,,
1394,,,fatty sugary comfort,,,rates,,,,
1395,,,vegetable soups,,,rates eonia =,,,,
1396,,,bean burritos,,,rbob futures,,,,
1397,,,thosai,,,rbob gasoline futures,,,,
1398,,,l' arpРіС‘ge,,,rbs worldpay,,,,
1399,,,juice ,,,re imburse,,,,
1400,,,panaderia taza,,,re imbursed,,,,
1401,,,vodka martinis,,,re mortgagers,,,,
1402,,,shamrock cookies,,,real brby,,,,
1403,,,spaghetti carbonara,,,real brby strengthened,,,,
1404,,,cape cod potato chips,,,real brby weakened,,,,
1405,,,tomato ,,,real estate excise tax,,,,
1406,,,iced coffees,,,real estate magnate mortimer,,,,
1407,,,sustenance,,,realec,,,,
1408,,,espresso truffle,,,reallocate,,,,
1409,,,spinach ravioli,,,realtor,,,,
1410,,,comment members,,,reasonably priced,,,,
1411,,,greasy hamburger,,,reattribute,,,,
1412,,,pandini,,,rebate,,,,
1413,,,higher grounds,,,reborrow,,,,
1414,,,la piРіВ±ata,,,receip,,,,
1415,,,crepes,,,receipt,,,,
1416,,,o'naturals,,,receptionist desk,,,,
1417,,,crabhouse,,,reckoning,,,,
1418,,,lightly toasted,,,recompensation,,,,
1419,,,grilled flatbread,,,recompense,,,,
1420,,,locally sourced meats,,,recordation taxes,,,,
1421,,,waiter,,,recoupable,,,,
1422,,,lime jell o,,,red cross victorian bushfire,,,,
1423,,,wholegrain toast,,,redress,,,,
1424,,,decaf,,,refinance,,,,
1425,,,fried clam,,,refinanced,,,,
1426,,,robusta coffee,,,refinancing,,,,
1427,,,jardiniere,,,refined palmolein,,,,
1428,,,jerk chicken,,,refund,,,,
1429,,,presliced,,,refunded,,,,
1430,,,scotch drinker,,,refunding auctions,,,,
1431,,,karen meleta spokeswoman,,,register,,,,
1432,,,chocolate croissants,,,registeration,,,,
1433,,,dining al fresco,,,registering,,,,
1434,,,meze,,,registration,,,,
1435,,,kebab shop,,,regulator de nederlandsche,,,,
1436,,,saloon,,,reimburse,,,,
1437,,,chicken cordon bleu,,,reimbursed,,,,
1438,,,roll ,,,reimbursement,,,,
1439,,,pizza donini,,,reimbursing,,,,
1440,,,white wine spritzers,,,reinvest,,,,
1441,,,crРіС”perie,,,reinvested,,,,
1442,,,jan ahar,,,relending,,,,
1443,,,pork carnitas,,,reloadable debit cards,,,,
1444,,,la buca,,,relocation,,,,
1445,,,shockoe espresso,,,reminbi,,,,
1446,,,spicy ginger,,,remittance,,,,
1447,,,sticky buns,,,remortgagers,,,,
1448,,,guildhall walk,,,remote,,,,
1449,,,pepper ,,,remuneration,,,,
1450,,,grocery store,,,renmimbi,,,,
1451,,,idli dosa,,,renminbi,,,,
1452,,,coke ,,,renminbi peg,,,,
1453,,,complimentary beverages,,,renovator,,,,
1454,,,cafРіВ© olio,,,rent,,,,
1455,,,lychee martini,,,rental,,,,
1456,,,bruschette,,,renter,,,,
1457,,,durum wheat semolina,,,repaid,,,,
1458,,,vanilla hazelnut,,,reparation,,,,
1459,,,barbecued spareribs,,,repay,,,,
1460,,,kakaty,,,repaying,,,,
1461,,,arabica,,,repayment,,,,
1462,,,unsweetened tea,,,requirements,,,,
1463,,,carbonated drink,,,requital,,,,
1464,,,castlecourt,,,resale,,,,
1465,,,tenderloin sandwich,,,rescinding unspent,,,,
1466,,,taqueria,,,reseller,,,,
1467,,,baked tortilla chips,,,reservasion,,,,
1468,,,jamon serrano,,,reservate,,,,
1469,,,foodstuff,,,reservating,,,,
1470,,,cantina,,,reservation,,,,
1471,,,pita wedges,,,reservations,,,,
1472,,,pizza toppings,,,reservators,,,,
1473,,,novus leisure,,,restitution,,,,
1474,,,osteria del circo,,,retail,,,,
1475,,,riblet,,,retailer jeronimo martins,,,,
1476,,,beef ,,,retirement nest egg,,,,
1477,,,il gatto,,,retribution,,,,
1478,,,jal jeera,,,return,,,,
1479,,,chili,,,revenue augmentation,,,,
1480,,,demi tasse,,,reversal 3m ##delta,,,,
1481,,,hooch,,,reward,,,,
1482,,,pesticide ddt infiltrated,,,rial,,,,
1483,,,satay,,,riel,,,,
1484,,,taverna,,,ring fenced,,,,
1485,,,unhealthful foods,,,ringgit,,,,
1486,,,cole slaw dessert,,,ringgit depreciated,,,,
1487,,,,,,risk appetite,,,,
1488,,,,,,risk aversion,,,,
1489,,,,,,risk aversion abates,,,,
1490,,,,,,risk aversion eases,,,,
1491,,,,,,riskier assets,,,,
1492,,,,,,riskier currencies,,,,
1493,,,,,,riyal,,,,
1494,,,,,,rm#.####,,,,
1495,,,,,,rmb#.####,,,,
1496,,,,,,robusta futures,,,,
1497,,,,,,rollover iras,,,,
1498,,,,,,romania leu,,,,
1499,,,,,,romanian lei,,,,
1500,,,,,,romanian leu,,,,
1501,,,,,,roomprice,,,,
1502,,,,,,roomprices,,,,
1503,,,,,,rostenkowski misuse,,,,
1504,,,,,,rouble,,,,
1505,,,,,,rp8,,,,
1506,,,,,,rpt forex dollar,,,,
1507,,,,,,rpt global markets stocks,,,,
1508,,,,,,rpt precious gold,,,,
1509,,,,,,rpt treasuries bonds,,,,
1510,,,,,,rrsp contribution room,,,,
1511,,,,,,rs.## lakh rs.2,,,,
1512,,,,,,rs.##.##/##,,,,
1513,,,,,,rs.### crore rs.5,,,,
1514,,,,,,rs##.####,,,,
1515,,,,,,rsd,,,,
1516,,,,,,rsd ##.####,,,,
1517,,,,,,rubber malaysian rubber,,,,
1518,,,,,,rubel,,,,
1519,,,,,,ruble,,,,
1520,,,,,,ruble depreciated,,,,
1521,,,,,,ruble firmed,,,,
1522,,,,,,rufiyaa,,,,
1523,,,,,,rupee,,,,
1524,,,,,,rupee appreciates,,,,
1525,,,,,,rupee depreciated,,,,
1526,,,,,,rupee depreciates,,,,
1527,,,,,,rupee depreciating,,,,
1528,,,,,,rupee dips,,,,
1529,,,,,,rupee eases,,,,
1530,,,,,,rupee plunges,,,,
1531,,,,,,rupee recovers,,,,
1532,,,,,,rupee rupee,,,,
1533,,,,,,rupee slips,,,,
1534,,,,,,rupee strengthens,,,,
1535,,,,,,rupee surges,,,,
1536,,,,,,rupee trims,,,,
1537,,,,,,rupee tumbles,,,,
1538,,,,,,rupee vis vis,,,,
1539,,,,,,rupee weakens,,,,
1540,,,,,,rupiah,,,,
1541,,,,,,rupiah idr =,,,,
1542,,,,,,rur usd,,,,
1543,,,,,,rur##.##,,,,
1544,,,,,,russia micex index,,,,
1545,,,,,,russian rouble,,,,
1546,,,,,,russian ruble,,,,
1547,,,,,,rwf,,,,
1548,,,,,,s.africa rand,,,,
1549,,,,,,s.africa rand steady,,,,
1550,,,,,,s.african rand,,,,
1551,,,,,,s.korean bonds,,,,
1552,,,,,,sacha tihanyi currency,,,,
1553,,,,,,safe haven flows,,,,
1554,,,,,,safe haven swiss franc,,,,
1555,,,,,,salary,,,,
1556,,,,,,sale,,,,
1557,,,,,,salesperson,,,,
1558,,,,,,san.mc,,,,
1559,,,,,,santeem,,,,
1560,,,,,,santim,,,,
1561,,,,,,sar,,,,
1562,,,,,,saswitch,,,,
1563,,,,,,satoru ogasawara tokyo,,,,
1564,,,,,,saving,,,,
1565,,,,,,sbd,,,,
1566,,,,,,scholarshare,,,,
1567,,,,,,scholarships fellowships,,,,
1568,,,,,,scholarships professorships,,,,
1569,,,,,,score,,,,
1570,,,,,,sdcera,,,,
1571,,,,,,season,,,,
1572,,,,,,sec,,,,
1573,,,,,,secondline stocks,,,,
1574,,,,,,seconds,,,,
1575,,,,,,secured creditors,,,,
1576,,,,,,secured debtholders resisted,,,,
1577,,,,,,seedcorn,,,,
1578,,,,,,seigniorage,,,,
1579,,,,,,seignorage,,,,
1580,,,,,,self indulgent slush,,,,
1581,,,,,,sell,,,,
1582,,,,,,seller,,,,
1583,,,,,,seller beware,,,,
1584,,,,,,selling,,,,
1585,,,,,,sen,,,,
1586,,,,,,sente,,,,
1587,,,,,,sentimo,,,,
1588,,,,,,sentti,,,,
1589,,,,,,serbian dinar,,,,
1590,,,,,,settlement,,,,
1591,,,,,,seuferling,,,,
1592,,,,,,several titanic mementoes,,,,
1593,,,,,,sf#.####,,,,
1594,,,,,,sf1,,,,
1595,,,,,,sfr#.#,,,,
1596,,,,,,sfr#.###,,,,
1597,,,,,,sfr#.####,,,,
1598,,,,,,sfr##bn,,,,
1599,,,,,,sgd,,,,
1600,,,,,,sh##bn,,,,
1601,,,,,,sh1b,,,,
1602,,,,,,sh6b,,,,
1603,,,,,,shahab jalinoos currency,,,,
1604,,,,,,shahram shayesteh lawyer,,,,
1605,,,,,,share,,,,
1606,,,,,,shareheat,,,,
1607,,,,,,sharemarket closes,,,,
1608,,,,,,shekel,,,,
1609,,,,,,shekel depreciated,,,,
1610,,,,,,shekel depreciation,,,,
1611,,,,,,shekel strengthened,,,,
1612,,,,,,shekel weakened,,,,
1613,,,,,,shekel weakens,,,,
1614,,,,,,shibor,,,,
1615,,,,,,shilling,,,,
1616,,,,,,shopper,,,,
1617,,,,,,shortfall,,,,
1618,,,,,,shs ##million,,,,
1619,,,,,,shs###b,,,,
1620,,,,,,silver xag =,,,,
1621,,,,,,singdollar,,,,
1622,,,,,,sizable nest egg,,,,
1623,,,,,,skk eur,,,,
1624,,,,,,slice,,,,
1625,,,,,,sll,,,,
1626,,,,,,slovak koruna,,,,
1627,,,,,,slovakian koruna,,,,
1628,,,,,,sls,,,,
1629,,,,,,slush fund,,,,
1630,,,,,,small midcaps stocks,,,,
1631,,,,,,smieis,,,,
1632,,,,,,snb intervened,,,,
1633,,,,,,snb intervention,,,,
1634,,,,,,soberano,,,,
1635,,,,,,societe generale sa #####.fr,,,,
1636,,,,,,softer rand,,,,
1637,,,,,,sol,,,,
1638,,,,,,sold,,,,
1639,,,,,,solid waste abatement,,,,
1640,,,,,,solvency deficiency,,,,
1641,,,,,,soyabean futures,,,,
1642,,,,,,soybeans grains,,,,
1643,,,,,,speculator,,,,
1644,,,,,,speculators unwound,,,,
1645,,,,,,spokeswoman suzy bohnert,,,,
1646,,,,,,spokeswoman yolanda scharton,,,,
1647,,,,,,spot gold prices,,,,
1648,,,,,,spot palladium,,,,
1649,,,,,,spot palladium xpd =,,,,
1650,,,,,,spot platinum,,,,
1651,,,,,,spousal ira,,,,
1652,,,,,,srd,,,,
1653,,,,,,ssp,,,,
1654,,,,,,stancera,,,,
1655,,,,,,steadier footing,,,,
1656,,,,,,steap grants,,,,
1657,,,,,,stephen malyon currency,,,,
1658,,,,,,sterling,,,,
1659,,,,,,sterling gbp,,,,
1660,,,,,,sterling libor,,,,
1661,,,,,,stg#.####/##,,,,
1662,,,,,,sticker,,,,
1663,,,,,,stipend,,,,
1664,,,,,,stochastic oscillator,,,,
1665,,,,,,stock,,,,
1666,,,,,,stocks snapshot indexes,,,,
1667,,,,,,stocks tumble,,,,
1668,,,,,,stocks zigzag,,,,
1669,,,,,,stotinka,,,,
1670,,,,,,strategy attempt longs,,,,
1671,,,,,,strathcarron hospice,,,,
1672,,,,,,streeteasy.com,,,,
1673,,,,,,subaccount,,,,
1674,,,,,,sublandlord,,,,
1675,,,,,,sublessor,,,,
1676,,,,,,subsidize millvina dean,,,,
1677,,,,,,subsidy,,,,
1678,,,,,,subvention,,,,
1679,,,,,,sucden analyst myrto sokou,,,,
1680,,,,,,sue trinh currency,,,,
1681,,,,,,sugar sugar,,,,
1682,,,,,,suitor,,,,
1683,,,,,,sum,,,,
1684,,,,,,summary box commodities,,,,
1685,,,,,,summary box copper,,,,
1686,,,,,,summary box corn,,,,
1687,,,,,,summary box metals,,,,
1688,,,,,,summary box rates,,,,
1689,,,,,,summary box treasurys,,,,
1690,,,,,,supan technique,,,,
1691,,,,,,superannuants,,,,
1692,,,,,,superlong yields,,,,
1693,,,,,,supernormal profits,,,,
1694,,,,,,supplier,,,,
1695,,,,,,support,,,,
1696,,,,,,surface transportation program,,,,
1697,,,,,,surge inland suhayda,,,,
1698,,,,,,surpluses,,,,
1699,,,,,,sweden krona,,,,
1700,,,,,,swedish krona,,,,
1701,,,,,,swedish krona kx kx,,,,
1702,,,,,,swedish krona sek,,,,
1703,,,,,,swedish krone,,,,
1704,,,,,,sweepstakes winnings,,,,
1705,,,,,,swiss franc,,,,
1706,,,,,,swiss franc chf,,,,
1707,,,,,,swiss franc denominated,,,,
1708,,,,,,swiss franc depreciated,,,,
1709,,,,,,swiss franc depreciated vis,,,,
1710,,,,,,swiss francs chf,,,,
1711,,,,,,swiss svme pmi,,,,
1712,,,,,,swissie,,,,
1713,,,,,,swissy,,,,
1714,,,,,,swissy usd chf,,,,
1715,,,,,,sx3p,,,,
1716,,,,,,sx4p,,,,
1717,,,,,,sx6p,,,,
1718,,,,,,sxmp,,,,
1719,,,,,,tachibana hirano,,,,
1720,,,,,,taka,,,,
1721,,,,,,takahide nagasaki chief,,,,
1722,,,,,,take,,,,
1723,,,,,,take-in,,,,
1724,,,,,,taker,,,,
1725,,,,,,tamvakakis,,,,
1726,,,,,,tania kotsos currency,,,,
1727,,,,,,targets ###.##/## ###.##/##,,,,
1728,,,,,,tariff,,,,
1729,,,,,,tariffs,,,,
1730,,,,,,tax,,,,
1731,,,,,,taxables,,,,
1732,,,,,,taxdollars,,,,
1733,,,,,,taxexempt,,,,
1734,,,,,,taxfree,,,,
1735,,,,,,taxpapers,,,,
1736,,,,,,taxpayer,,,,
1737,,,,,,tbond futures,,,,
1738,,,,,,tbonds,,,,
1739,,,,,,teacherdollars,,,,
1740,,,,,,telegraphic transfer,,,,
1741,,,,,,teletrack,,,,
1742,,,,,,teller,,,,
1743,,,,,,teller drawer,,,,
1744,,,,,,tellers drawers,,,,
1745,,,,,,tenant,,,,
1746,,,,,,tenge,,,,
1747,,,,,,terms,,,,
1748,,,,,,tesco clubcard credit card,,,,
1749,,,,,,tfni,,,,
1750,,,,,,thai baht,,,,
1751,,,,,,thanos papasavvas,,,,
1752,,,,,,the peso,,,,
1753,,,,,,the rupee,,,,
1754,,,,,,thedollar,,,,
1755,,,,,,thelfb r1 #.####,,,,
1756,,,,,,thesale,,,,
1757,,,,,,thrift,,,,
1758,,,,,,thrivent lutheran,,,,
1759,,,,,,ticket,,,,
1760,,,,,,tidy nest egg,,,,
1761,,,,,,tifd,,,,
1762,,,,,,time period,,,,
1763,,,,,,time zone,,,,
1764,,,,,,time-out,,,,
1765,,,,,,timecard,,,,
1766,,,,,,timeframe,,,,
1767,,,,,,timelier basis,,,,
1768,,,,,,timeout,,,,
1769,,,,,,timescale,,,,
1770,,,,,,timeshare,,,,
1771,,,,,,timespan,,,,
1772,,,,,,timetable,,,,
1773,,,,,,tips breakevens,,,,
1774,,,,,,tmt,,,,
1775,,,,,,to william rechtenwald,,,,
1776,,,,,,tocom rubber,,,,
1777,,,,,,toea,,,,
1778,,,,,,together assisting rape,,,,
1779,,,,,,toll,,,,
1780,,,,,,top,,,,
1781,,,,,,topay,,,,
1782,,,,,,total,,,,
1783,,,,,,tourist attraction fund,,,,
1784,,,,,,towards #.####-###,,,,
1785,,,,,,traded choppily,,,,
1786,,,,,,traders unwound,,,,
1787,,,,,,transaction,,,,
1788,,,,,,transation,,,,
1789,,,,,,treasuries,,,,
1790,,,,,,treasuries bond,,,,
1791,,,,,,treasuries bonds climb,,,,
1792,,,,,,treasuries bonds rise,,,,
1793,,,,,,treasuries bonds slip,,,,
1794,,,,,,treasuries edge,,,,
1795,,,,,,treasuries longer dated,,,,
1796,,,,,,treasuries maturing,,,,
1797,,,,,,treasuries pared,,,,
1798,,,,,,treasuries prices,,,,
1799,,,,,,treasuries prices fall,,,,
1800,,,,,,treasuries prices rise,,,,
1801,,,,,,treasuries prices slip,,,,
1802,,,,,,treasuries us,,,,
1803,,,,,,treasuries yields,,,,
1804,,,,,,treasury,,,,
1805,,,,,,treasury yields,,,,
1806,,,,,,triaxx cdos,,,,
1807,,,,,,trifecta #-#-#,,,,
1808,,,,,,trust,,,,
1809,,,,,,trxfldglpu,,,,
1810,,,,,,ttd,,,,
1811,,,,,,tuition,,,,
1812,,,,,,tune,,,,
1813,,,,,,turkish lira,,,,
1814,,,,,,turnback funds,,,,
1815,,,,,,tvd,,,,
1816,,,,,,twd,,,,
1817,,,,,,twitter esque blippy,,,,
1818,,,,,,twoonie,,,,
1819,,,,,,uae dirham,,,,
1820,,,,,,udag,,,,
1821,,,,,,uganda shilling,,,,
1822,,,,,,ugandan shilling,,,,
1823,,,,,,ugma utma,,,,
1824,,,,,,ukraine hryvnia,,,,
1825,,,,,,ukrainian hryvnia,,,,
1826,,,,,,unappropriated,,,,
1827,,,,,,unappropriated fund,,,,
1828,,,,,,unappropriated surplus,,,,
1829,,,,,,unauthorized debits,,,,
1830,,,,,,unauthorized overdraft fees,,,,
1831,,,,,,uncashed paychecks,,,,
1832,,,,,,unclaimed prizes,,,,
1833,,,,,,uncollectible debts,,,,
1834,,,,,,undeducted contributions,,,,
1835,,,,,,undelivered checks,,,,
1836,,,,,,underpayment,,,,
1837,,,,,,underpriced,,,,
1838,,,,,,underspends,,,,
1839,,,,,,underwrite,,,,
1840,,,,,,underwrites malpractice,,,,
1841,,,,,,undesignated reserves,,,,
1842,,,,,,undesignated surplus,,,,
1843,,,,,,undisbursed,,,,
1844,,,,,,unearmarked,,,,
1845,,,,,,unexpended,,,,
1846,,,,,,unexpended balances,,,,
1847,,,,,,unfunded liability,,,,
1848,,,,,,unfunded retiree,,,,
1849,,,,,,unicredit crdi.mi,,,,
1850,,,,,,united states dollar,,,,
1851,,,,,,unitrust,,,,
1852,,,,,,unlimited metrocards,,,,
1853,,,,,,unmatured,,,,
1854,,,,,,unobligated,,,,
1855,,,,,,unobligated funds,,,,
1856,,,,,,unordered merchandise,,,,
1857,,,,,,unpurchased,,,,
1858,,,,,,unrecouped,,,,
1859,,,,,,unredeemed deposits,,,,
1860,,,,,,unreimbursed expenses,,,,
1861,,,,,,unsecured creditors owed,,,,
1862,,,,,,unsold inventory,,,,
1863,,,,,,unspent,,,,
1864,,,,,,unspent balances,,,,
1865,,,,,,unspent monies,,,,
1866,,,,,,unspent tarp,,,,
1867,,,,,,unvouchered expense,,,,
1868,,,,,,unwound risky,,,,
1869,,,,,,upaid,,,,
1870,,,,,,us@cl.1 loading,,,,
1871,,,,,,us#.## РІСћ,,,,
1872,,,,,,us#.####,,,,
1873,,,,,,us## РІСћ,,,,
1874,,,,,,us##.# РІСћ,,,,
1875,,,,,,us##.##,,,,
1876,,,,,,us##.## РІСћ,,,,
1877,,,,,,us##.##/##c,,,,
1878,,,,,,us##.##c,,,,
1879,,,,,,us##.##c us##.##c,,,,
1880,,,,,,us##.#c,,,,
1881,,,,,,us###.## РІСћ,,,,
1882,,,,,,us###/###,,,,
1883,,,,,,us###/oz,,,,
1884,,,,,,us##b,,,,
1885,,,,,,us##c,,,,
1886,,,,,,us1 РІСћ,,,,
1887,,,,,,us1bn,,,,
1888,,,,,,us1c,,,,
1889,,,,,,us2 РІСћ,,,,
1890,,,,,,us3c,,,,
1891,,,,,,us5 РІСћ,,,,
1892,,,,,,usc,,,,
1893,,,,,,usd,,,,
1894,,,,,,usd ###/bbl,,,,
1895,,,,,,usd ###/ounce,,,,
1896,,,,,,usd axj,,,,
1897,,,,,,usd brl,,,,
1898,,,,,,usd cad,,,,
1899,,,,,,usd chf,,,,
1900,,,,,,usd chf dollar,,,,
1901,,,,,,usd cny,,,,
1902,,,,,,usd jpy,,,,
1903,,,,,,usd mxn,,,,
1904,,,,,,usd yen,,,,
1905,,,,,,usd zar,,,,
1906,,,,,,usd#.####,,,,
1907,,,,,,usd#.#### whereas,,,,
1908,,,,,,usd##.## barrel,,,,
1909,,,,,,usd###.## barrel,,,,
1910,,,,,,usd1 ###.##,,,,
1911,,,,,,usd2m,,,,
1912,,,,,,usd3mfsr =,,,,
1913,,,,,,usdchf market,,,,
1914,,,,,,usdjpy,,,,
1915,,,,,,usdollar,,,,
1916,,,,,,usds,,,,
1917,,,,,,usdsgd,,,,
1918,,,,,,usdx futures,,,,
1919,,,,,,usdyen,,,,
1920,,,,,,ush#.# billion,,,,
1921,,,,,,ustbonds,,,,
1922,,,,,,uzs,,,,
1923,,,,,,v1xi,,,,
1924,,,,,,valuation,,,,
1925,,,,,,valuation cov,,,,
1926,,,,,,value,,,,
1927,,,,,,valuer,,,,
1928,,,,,,vanquis,,,,
1929,,,,,,vastly underfunded,,,,
1930,,,,,,vat,,,,
1931,,,,,,vef#.#,,,,
1932,,,,,,vendor,,,,
1933,,,,,,venezuela bolivar,,,,
1934,,,,,,venezuelan bolivar,,,,
1935,,,,,,vermont yankee decommissioning,,,,
1936,,,,,,ves,,,,
1937,,,,,,vfras,,,,
1938,,,,,,via qip,,,,
1939,,,,,,vivien duffield,,,,
1940,,,,,,vnd,,,,
1941,,,,,,vnd## ###/share,,,,
1942,,,,,,vnd## ###/us,,,,
1943,,,,,,voluntary payroll deductions,,,,
1944,,,,,,vote cope,,,,
1945,,,,,,vs dlr,,,,
1946,,,,,,wage,,,,
1947,,,,,,wages,,,,
1948,,,,,,wages ecton,,,,
1949,,,,,,wages garnisheed,,,,
1950,,,,,,wal mart moneycard prepaid,,,,
1951,,,,,,way2save,,,,
1952,,,,,,wcoast products gasoline,,,,
1953,,,,,,we lead,,,,
1954,,,,,,weakened vis РіВ ,,,,
1955,,,,,,whistlejacket siv,,,,
1956,,,,,,whitacre kresa,,,,
1957,,,,,,whole milk powder,,,,
1958,,,,,,wholesale,,,,
1959,,,,,,wholesale lockbox,,,,
1960,,,,,,wikia search indefinitely,,,,
1961,,,,,,windfall,,,,
1962,,,,,,withholding calculator,,,,
1963,,,,,,wk lows,,,,
1964,,,,,,worth,,,,
1965,,,,,,wti crude futures,,,,
1966,,,,,,wti crude oil,,,,
1967,,,,,,xcd,,,,
1968,,,,,,xof,,,,
1969,,,,,,xoi spx ratio,,,,
1970,,,,,,xpf,,,,
1971,,,,,,y##.##,,,,
1972,,,,,,y##.##/##,,,,
1973,,,,,,y##.###,,,,
1974,,,,,,y###.##,,,,
1975,,,,,,y2 trillion,,,,
1976,,,,,,yaun,,,,
1977,,,,,,yemeni riyal,,,,
1978,,,,,,yen,,,,
1979,,,,,,yen crosses,,,,
1980,,,,,,yen cur usdyen,,,,
1981,,,,,,yen eurjpy =,,,,
1982,,,,,,yen jpy,,,,
1983,,,,,,yen usd jpy,,,,
1984,,,,,,yen usd yen,,,,
1985,,,,,,yen.the nikkei,,,,
1986,,,,,,yer,,,,
1987,,,,,,yesterdayРґС“,,,,
1988,,,,,,yield curve flattened,,,,
1989,,,,,,yield curve steepen,,,,
1990,,,,,,yield curve steepened,,,,
1991,,,,,,yield differentials,,,,
1992,,,,,,yield jp5ytn = jbtc,,,,
1993,,,,,,yielding currencies,,,,
1994,,,,,,yuan,,,,
1995,,,,,,yuan ndfs,,,,
1996,,,,,,yuichiro harada senior,,,,
1997,,,,,,yuji kameoka senior,,,,
1998,,,,,,yusuke fujisawa,,,,
1999,,,,,,yuzo nakajima,,,,
2000,,,,,,z РІС– .##.##,,,,
2001,,,,,,z РІС– oty,,,,
2002,,,,,,zРµвЂљoty,,,,
2003,,,,,,zambian kwacha,,,,
2004,,,,,,zantrio,,,,
2005,,,,,,zar,,,,
2006,,,,,,zci offer,,,,
2007,,,,,,zip code,,,,
2008,,,,,,zipcode,,,,
2009,,,,,,zloty,,,,
2010,,,,,,zwb,,,,
2011,,,,,,,,,,
2012,,,,,,,,,,
2013,,,,,,,,,,
2014,,,,,,,,,,
2015,,,,,,,,,,
2016,,,,,,,,,,
2017,,,,,,,,,,
2018,,,,,,,,,,
2019,,,,,,,,,,
2020,,,,,,,,,,
2021,,,,,,,,,,
2022,,,,,,,,,,
2023,,,,,,,,,,
2024,,,,,,,,,,
2025,,,,,,,,,,
2026,,,,,,,,,,
2027,,,,,,,,,,
2028,,,,,,,,,,
2029,,,,,,,,,,
2030,,,,,,,,,,
