,word,neg_adv_count,pos_adv_count
0,generally,226.0,124.0
1,not,19127.0,8497.0
2,too,2098.0,1660.0
3,right,540.0,636.0
4,friendly,915.0,1815.0
5,little,260.0,284.0
6,never,2201.0,1009.0
7,odd,8.0,4.0
8,later,826.0,279.0
9,so,616.0,223.0
10,very,10510.0,13465.0
11,most,751.0,775.0
12,also,1011.0,622.0
13,better,1217.0,619.0
14,forward,107.0,143.0
15,however,2203.0,1008.0
16,certainly,419.0,402.0
17,n't,11915.0,6272.0
18,then,449.0,88.0
19,finally,705.0,131.0
20,nightly,34.0,45.0
21,instead,587.0,264.0
22,automatically,39.0,32.0
23,definately,88.0,220.0
24,pretty,1003.0,694.0
25,jolly,1.0,
26,less,278.0,163.0
27,eventually,166.0,32.0
28,otherwise,219.0,110.0
29,unfortunately,362.0,142.0
30,broadway,6.0,13.0
31,left,14.0,6.0
32,definetely,2.0,10.0
33,soehow,1.0,
34,literally,253.0,174.0
35,nice,433.0,512.0
36,longer,172.0,109.0
37,highly,149.0,642.0
38,maybe,104.0,40.0
39,simply,297.0,179.0
40,non,18.0,3.0
41,here,100.0,47.0
42,probably,927.0,456.0
43,properly,247.0,56.0
44,smoothly,16.0,25.0
45,randomly,13.0,2.0
46,basically,237.0,65.0
47,lady,5.0,
48,late,284.0,224.0
49,tonight,2.0,
50,definitely,719.0,1767.0
51,royally,1.0,3.0
52,entirely,46.0,29.0
53,luster,1.0,
54,provide,18.0,10.0
55,suite,44.0,49.0
56,hallway,158.0,49.0
57,even,299.0,236.0
58,desperately,23.0,3.0
59,insanely,8.0,5.0
60,previously,98.0,53.0
61,quite,1418.0,1127.0
62,especially,621.0,757.0
63,bit,277.0,248.0
64,table,1.0,
65,loosely,6.0,1.0
66,mostly,153.0,92.0
67,enough,862.0,647.0
68,unbelievably,36.0,22.0
69,nearby,259.0,313.0
70,lucite,1.0,
71,predominately,1.0,
72,runaway,1.0,
73,amazingly,20.0,54.0
74,fairly,341.0,241.0
75,moreover,12.0,9.0
76,oddly,39.0,14.0
77,clearly,301.0,76.0
78,likely,34.0,9.0
79,surely,44.0,38.0
80,occasionally,15.0,24.0
81,down,684.0,336.0
82,frequently,83.0,69.0
83,badly,168.0,20.0
84,neighbour,1.0,
85,funnily,1.0,2.0
86,forever,82.0,28.0
87,smelly,110.0,3.0
88,extremely,737.0,933.0
89,lately,11.0,6.0
90,practically,45.0,34.0
91,courtyard,9.0,15.0
92,correctly,53.0,23.0
93,possibly,90.0,63.0
94,deeply,13.0,1.0
95,perhaps,99.0,45.0
96,chokingly,1.0,
97,really,62.0,42.0
98,normally,11.0,8.0
99,close,768.0,965.0
100,esentially,1.0,
101,directly,353.0,273.0
102,consistently,41.0,39.0
103,belly,4.0,3.0
104,card,24.0,7.0
105,ugly,71.0,12.0
106,best,169.0,238.0
107,low,1.0,
108,merely,22.0,13.0
109,budget-friendly,1.0,
110,marine-friendly,1.0,
111,layout,6.0,6.0
112,closely,19.0,11.0
113,originally,75.0,66.0
114,promptly,100.0,93.0
115,conveniently,100.0,150.0
116,pleasantly,71.0,234.0
117,lovely,287.0,802.0
118,long,677.0,399.0
119,leisurely,8.0,16.0
120,prior,151.0,97.0
121,warmly,6.0,29.0
122,reasonably,172.0,205.0
123,noise,346.0,281.0
124,quieter,20.0,13.0
125,terribly,75.0,15.0
126,personally,80.0,74.0
127,hideaway,1.0,1.0
128,kindly,29.0,32.0
129,hospitably,1.0,
130,abruptly,10.0,
131,memo,1.0,
132,experience,25.0,19.0
133,no,276.0,87.0
134,etc.,4.0,2.0
135,ago,221.0,134.0
136,additionally,28.0,9.0
137,separately,10.0,14.0
138,poorly,167.0,9.0
139,horrendously,3.0,
140,easily,249.0,322.0
141,yell,6.0,
142,recently,31.0,33.0
143,heavenly,34.0,72.0
144,flimsy,1.0,
145,loudly,83.0,16.0
146,ahead,168.0,101.0
147,ultimately,40.0,15.0
148,purpose,10.0,6.0
149,teens,1.0,
150,elderly,12.0,
151,excuse,5.0,1.0
152,galore,1.0,2.0
153,unprofessionally,2.0,
154,typically,59.0,48.0
155,nicely,219.0,428.0
156,fast,144.0,169.0
157,extreamly,2.0,1.0
158,bother,49.0,23.0
159,perfectly,114.0,264.0
160,exceptionally,30.0,99.0
161,doorway,8.0,3.0
162,behavior,4.0,
163,a.m.,92.0,43.0
164,a.m,2.0,
165,nearly,196.0,97.0
166,convienently,2.0,2.0
167,subway,114.0,241.0
168,faster,25.0,14.0
169,overpoweringly,1.0,
170,indeed,106.0,59.0
171,earlier,134.0,82.0
172,form,3.0,
173,heard,82.0,28.0
174,practially,1.0,1.0
175,nuther,1.0,
176,permanently,12.0,2.0
177,absolutely,335.0,458.0
178,fantastically,3.0,7.0
179,completely,420.0,163.0
180,inevitably,4.0,1.0
181,sure,43.0,29.0
182,favorably,2.0,7.0
183,double,72.0,29.0
184,significantly,37.0,18.0
185,dramatically,5.0,2.0
186,tv…definitely,1.0,
187,surprise,7.0,8.0
188,ridiculously,61.0,22.0
189,early,242.0,191.0
190,therefore,72.0,35.0
191,dirty,32.0,
192,volunteerily,1.0,
193,graciously,11.0,32.0
194,truely,6.0,9.0
195,hotel,114.0,68.0
196,.how,1.0,
197,stayed,3.0,7.0
198,bags,6.0,1.0
199,whatsoever,34.0,17.0
200,privacy,1.0,
201,totally,213.0,160.0
202,street,31.0,22.0
203,neighbors..,1.0,
204,decently,21.0,10.0
205,nyc,5.0,4.0
206,cosmetically,2.0,
207,advance,22.0,11.0
208,asleep,28.0,14.0
209,bus,4.0,3.0
210,only,238.0,349.0
211,upstairs,4.0,
212,quickly,291.0,317.0
213,humid,1.0,
214,breakfast,56.0,60.0
215,driver,38.0,22.0
216,constantly,133.0,59.0
217,honestly,103.0,77.0
218,smell,46.0,10.0
219,initially,82.0,44.0
220,differently,16.0,7.0
221,cheap,41.0,21.0
222,comfortably,28.0,44.0
223,firstly,21.0,7.0
224,away..,1.0,
225,strongly,79.0,35.0
226,open,4.0,3.0
227,nowhere,1.0,
228,counter,29.0,7.0
229,upside,5.0,1.0
230,architecturally,3.0,4.0
231,partially,35.0,16.0
232,rudely,73.0,2.0
233,now,279.0,104.0
234,yet,12.0,3.0
235,bluntly,4.0,
236,obviously,34.0,13.0
237,allow,1.0,
238,rude,15.0,1.0
239,notice,61.0,26.0
240,well,74.0,36.0
241,just,92.0,190.0
242,sincerely,13.0,17.0
243,lobby,57.0,30.0
244,technically,16.0,8.0
245,truly,136.0,185.0
246,noon,31.0,15.0
247,baseboard,3.0,
248,incessantly,6.0,3.0
249,hardly,153.0,62.0
250,barely,314.0,68.0
251,galdly,1.0,
252,newly,78.0,99.0
253,nicest,6.0,3.0
254,worn,5.0,
255,half,12.0,6.0
256,bite,6.0,4.0
257,distance,8.0,36.0
258,alot,11.0,6.0
259,pitcher,2.0,1.0
260,downtown,39.0,39.0
261,dream,1.0,1.0
262,love,4.0,9.0
263,accuratly,1.0,
264,heavily,32.0,16.0
265,presumably,22.0,7.0
266,admit,5.0,
267,tremendously,9.0,7.0
268,surly,26.0,6.0
269,anytime,14.0,27.0
270,lackluster,3.0,
271,nationally,4.0,
272,gladly,26.0,36.0
273,substantially,9.0,5.0
274,rapidly,10.0,3.0
275,apparently,74.0,12.0
276,more,22.0,14.0
277,day.there,1.0,
278,beautifully,25.0,167.0
279,write,30.0,11.0
280,belligerently,1.0,
281,emphatically,2.0,
282,chandelier,1.0,
283,cover,18.0,1.0
284,frankly,39.0,14.0
285,comparatively,7.0,4.0
286,timely,14.0,17.0
287,incredibly,160.0,210.0
288,yard,4.0,2.0
289,supposedly,89.0,9.0
290,weather,14.0,15.0
291,fortunately,73.0,27.0
292,river,7.0,16.0
293,minimally,8.0,2.0
294,first,88.0,31.0
295,seriously,138.0,52.0
296,noisy,184.0,52.0
297,gradually,6.0,1.0
298,getaway,18.0,18.0
299,genuinely,17.0,68.0
300,meanwhile,14.0,2.0
301,etc..,1.0,3.0
302,neighborhood,21.0,20.0
303,primarily,18.0,26.0
304,ideally,15.0,42.0
305,ajoin,1.0,
306,hard,118.0,55.0
307,mistakenly,7.0,8.0
308,motel,8.0,1.0
309,walkway,12.0,6.0
310,slightly,234.0,167.0
311,hop,4.0,2.0
312,bride,3.0,
313,escort,2.0,
314,baby,2.0,2.0
315,told,67.0,10.0
316,fully,125.0,115.0
317,baltimore,1.0,3.0
318,newer,3.0,2.0
319,nicer,56.0,28.0
320,touch,21.0,42.0
321,cab,3.0,1.0
322,metro,6.0,8.0
323,sleep,25.0,9.0
324,legally,1.0,2.0
325,unsightly,3.0,
326,lot,82.0,61.0
327,bimonthly,1.0,
328,silver,3.0,3.0
329,highway,28.0,18.0
330,horribly,46.0,7.0
331,..not,3.0,1.0
332,ang,1.0,
333,saver,2.0,1.0
334,lastly,36.0,14.0
335,overly,94.0,64.0
336,airport,63.0,41.0
337,slowly,33.0,10.0
338,deep,4.0,3.0
339,painfully,13.0,9.0
340,comp,1.0,
341,manual,1.0,
342,suddenly,41.0,7.0
343,thought,16.0,4.0
344,bathtub,12.0,2.0
345,accidentally,22.0,12.0
346,bitten,5.0,
347,pool,4.0,4.0
348,plenty,31.0,34.0
349,freeway,57.0,48.0
350,thoroughly,41.0,78.0
351,excessively,7.0,3.0
352,dangerously,5.0,1.0
353,bathroom,8.0,9.0
354,oven,13.0,23.0
355,super,8.0,23.0
356,no-one,2.0,2.0
357,bed,8.0,7.0
358,rarely,35.0,43.0
359,sufficiently,7.0,5.0
360,visibly,14.0,2.0
361,nervously,3.0,
362,regularly,45.0,35.0
363,stingy,1.0,
364,tub,16.0,6.0
365,repeatedly,50.0,8.0
366,request,6.0,3.0
367,strictly,14.0,7.0
368,equally,49.0,46.0
369,much,17.0,18.0
370,awkward,22.0,4.0
371,virtually,47.0,35.0
372,website,36.0,19.0
373,happily,28.0,59.0
374,lower,46.0,19.0
375,higher,36.0,22.0
376,quick,19.0,23.0
377,haven,6.0,6.0
378,middle,4.0,3.0
379,polite,53.0,58.0
380,opposite,18.0,11.0
381,happier,4.0,7.0
382,needless,7.0,3.0
383,successfully,11.0,3.0
384,straight,23.0,18.0
385,agree,8.0,5.0
386,none,12.0,7.0
387,meter,5.0,1.0
388,partly,12.0,13.0
389,closer,70.0,44.0
390,stayover,1.0,
391,driveway,16.0,10.0
392,stay,28.0,30.0
393,desk,29.0,17.0
394,atmosphere,80.0,179.0
395,layover,10.0,5.0
396,securely,7.0,2.0
397,thermostat,2.0,
398,ignore,9.0,5.0
399,make-over,3.0,1.0
400,shower,14.0,9.0
401,lack,19.0,9.0
402,mere,6.0,4.0
403,once,98.0,46.0
404,sorely,21.0,3.0
405,advise,21.0,6.0
406,sheepishly,1.0,2.0
407,mentally,6.0,2.0
408,unexpectedly,8.0,3.0
409,utterly,19.0,5.0
410,downright,10.0,3.0
411,furniture,1.0,
412,unpack,4.0,
413,importantly,28.0,53.0
414,nada,1.0,
415,improperly,2.0,
416,short,26.0,9.0
417,deliberately,4.0,3.0
418,wonderfully,14.0,70.0
419,didnt,6.0,
420,louder,9.0,4.0
421,firmer,1.0,
422,entryway,7.0,1.0
423,loose,17.0,2.0
424,miserably,9.0,
425,guests-apparently,1.0,
426,neatly,9.0,6.0
427,matter,9.0,5.0
428,tackily,1.0,
429,verbally,10.0,
430,choose,5.0,6.0
431,attest,1.0,
432,port,1.0,
433,greatly,34.0,30.0
434,uneven,8.0,
435,litterally,3.0,1.0
436,luckily,88.0,28.0
437,fitness,5.0,3.0
438,flop,1.0,
439,unhospitably,1.0,
440,sadly,65.0,24.0
441,discover,10.0,4.0
442,worse,15.0,3.0
443,politely,35.0,17.0
444,mold,14.0,1.0
445,tore,5.0,
446,mightily,1.0,1.0
447,thankfully,69.0,24.0
448,oily,3.0,
449,awfully,9.0,4.0
450,bedside,7.0,2.0
451,nuissance,1.0,
452,carefully,29.0,11.0
453,younger,1.0,
454,incorrectly,13.0,1.0
455,roughest,1.0,
456,periodically,2.0,5.0
457,spray,1.0,
458,unreasonably,3.0,
459,defiantly,6.0,8.0
460,-am,5.0,2.0
461,proven,3.0,1.0
462,voucher,42.0,15.0
463,fi,1.0,
464,dismissively,3.0,
465,seemingly,24.0,10.0
466,worst,36.0,5.0
467,spell,2.0,2.0
468,apiece,2.0,
469,smoky,2.0,
470,tad,11.0,12.0
471,one-way,3.0,
472,bare,1.0,1.0
473,.however,4.0,
474,shabby,5.0,
475,lively,22.0,52.0
476,forgot,6.0,1.0
477,definently,2.0,4.0
478,character,2.0,4.0
479,shuttle,22.0,19.0
480,drawback,2.0,4.0
481,service,15.0,10.0
482,standard,9.0,12.0
483,quarterly,1.0,
484,considerably,14.0,12.0
485,verry,1.0,
486,uptotwn,1.0,
487,boy,7.0,2.0
488,bell,15.0,6.0
489,visit,10.0,19.0
490,fiendly,1.0,
491,aren,3.0,1.0
492,overwhelmingly,3.0,4.0
493,proximately,1.0,
494,bedroom,1.0,
495,shortly,41.0,24.0
496,wildly,9.0,1.0
497,surprisingly,67.0,94.0
498,hang,1.0,
499,greet,1.0,
500,scarcely,3.0,1.0
501,window,14.0,2.0
502,cheaper,3.0,1.0
503,lie,5.0,
504,adhere,1.0,
505,awhile,3.0,1.0
506,rock,2.0,
507,easy,14.0,30.0
508,keenly,1.0,1.0
509,sum,1.0,
510,hopelessly,1.0,
511,filter,6.0,1.0
512,bizarrely,4.0,
513,start,20.0,23.0
514,mid-afternoon,1.0,
515,outright,3.0,1.0
516,specially,16.0,18.0
517,mall,9.0,10.0
518,p.m.,22.0,9.0
519,overseas,7.0,8.0
520,firendly,1.0,1.0
521,depressingly,2.0,
522,aslong,1.0,
523,summarise,1.0,
524,confidently,2.0,1.0
525,visually,6.0,9.0
526,particually,1.0,1.0
527,elevator,1.0,1.0
528,largely,18.0,16.0
529,thoughtfully,3.0,5.0
530,beat,1.0,
531,hill,8.0,10.0
532,bascially,1.0,
533,toll,1.0,
534,intermittently,9.0,1.0
535,away,8.0,
536,neither,19.0,6.0
537,cuddly,1.0,1.0
538,mustard,1.0,2.0
539,fabulously,3.0,6.0
540,turned,1.0,
541,assume,4.0,3.0
542,definatly,7.0,15.0
543,mood,2.0,
544,obbiously,1.0,
545,honest,3.0,2.0
546,art,7.0,7.0
547,again.large,1.0,
548,tiny,5.0,2.0
549,stiff,1.0,
550,orginally,1.0,2.0
551,bland,4.0,
552,sarcastically,5.0,
553,scum,1.0,
554,appropriately,13.0,6.0
555,friendliest,1.0,
556,checkout,11.0,4.0
557,angrily,3.0,
558,neck,5.0,1.0
559,individually,12.0,7.0
560,centrally,75.0,161.0
561,helpfully,3.0,6.0
562,patronizingly,1.0,
563,outgoingly,1.0,
564,server,27.0,21.0
565,hopeful,1.0,
566,wet,5.0,1.0
567,east,6.0,14.0
568,superbly,3.0,13.0
569,prominently,3.0,1.0
570,continually,11.0,4.0
571,constructively,1.0,
572,yr,5.0,3.0
573,smother,1.0,
574,unusually,12.0,17.0
575,waitress,5.0,2.0
576,kid,2.0,3.0
577,spite,2.0,1.0
578,daily,50.0,75.0
579,airtrain,1.0,
580,notoriously,6.0,3.0
581,feather,15.0,9.0
582,lonely,5.0,9.0
583,learn,3.0,
584,positively,9.0,7.0
585,negatively,4.0,5.0
586,menu,8.0,9.0
587,essentially,37.0,8.0
588,enter,13.0,9.0
589,severly,2.0,1.0
590,dearly,4.0,
591,heaven,8.0,14.0
592,abroad,3.0,8.0
593,.very,7.0,2.0
594,invoice,1.0,
595,altogether,14.0,13.0
596,manually,11.0,3.0
597,instantly,13.0,26.0
598,definitiely,1.0,1.0
599,strategically,2.0,3.0
600,reluctantly,25.0,5.0
601,notify,2.0,3.0
602,burst,1.0,1.0
603,entrance,9.0,18.0
604,passenger,3.0,
605,south,23.0,16.0
606,.lovely,1.0,
607,stunningly,3.0,7.0
608,cheaply,8.0,2.0
609,still,85.0,48.0
610,sincere,9.0,5.0
611,soundly,9.0,11.0
612,shoulder,1.0,
613,intermitantly,1.0,
614,definetly,10.0,21.0
615,dreadfully,4.0,1.0
616,uncomfortably,14.0,6.0
617,inside,63.0,33.0
618,yeah,9.0,1.0
619,spontaneously,1.0,1.0
620,advertise,9.0,1.0
621,.not,2.0,
622,bet,7.0,3.0
623,wear,1.0,
624,-.extremely,1.0,
625,fun,16.0,19.0
626,buffet,7.0,4.0
627,work,1.0,1.0
628,wake,2.0,
629,housekeeper,4.0,
630,optimally,1.0,1.0
631,idiots,1.0,
632,ostensibly,1.0,
633,naturally,10.0,9.0
634,yuck,4.0,1.0
635,nonetheless,12.0,13.0
636,explore,25.0,58.0
637,smoke,7.0,
638,twin,2.0,
639,times,21.0,10.0
640,..apparently,1.0,
641,.i,6.0,1.0
642,wierd,1.0,
643,ruff,1.0,
644,fold,2.0,1.0
645,sideboard,2.0,
646,..,17.0,4.0
647,uk,1.0,
648,felt,16.0,9.0
649,block,13.0,10.0
650,tall,1.0,
651,remotely,11.0,5.0
652,post,3.0,3.0
653,switch,3.0,1.0
654,severely,29.0,5.0
655,hall,11.0,2.0
656,staight,1.0,
657,spotlessly,6.0,75.0
658,noisily,5.0,3.0
659,everyday,10.0,6.0
660,foolishly,4.0,
661,satisfactorily,3.0,1.0
662,buger,1.0,
663,dismiss,1.0,
664,physically,12.0,5.0
665,distinctly,7.0,2.0
666,rather,8.0,3.0
667,utmost,1.0,
668,device,2.0,
669,annoyingly,4.0,4.0
670,sufficently,1.0,
671,bathtime,1.0,
672,forgiven,3.0,1.0
673,pricier,1.0,
674,hat,5.0,
675,stairway,5.0,3.0
676,toast,4.0,13.0
677,has'nt,1.0,
678,luxury,3.0,6.0
679,farther,8.0,9.0
680,rob,1.0,
681,regrettably,5.0,
682,don,3.0,2.0
683,settle,5.0,
684,least,17.0,12.0
685,headache,1.0,
686,wall,15.0,2.0
687,actually,20.0,15.0
688,freindly,9.0,12.0
689,shame,2.0,
690,definitly,7.0,18.0
691,high,11.0,7.0
692,amply,2.0,2.0
693,trendy,4.0,2.0
694,-pm,12.0,5.0
695,blown,2.0,
696,tidy,2.0,2.0
697,decidedly,6.0,2.0
698,perplexed,1.0,
699,convenveniently,1.0,
700,dark,13.0,2.0
701,elswhere,3.0,
702,bought,2.0,
703,locally,9.0,13.0
704,jaw-droppingly,1.0,
705,moderately,16.0,15.0
706,glad,5.0,11.0
707,begrudingly,1.0,
708,noticeably,10.0,2.0
709,bravely,1.0,
710,margarita,1.0,2.0
711,bakery,2.0,1.0
712,.so,6.0,1.0
713,debit,10.0,
714,philly,17.0,23.0
715,train,8.0,5.0
716,somehow,23.0,18.0
717,maintain,1.0,
718,profusely,15.0,5.0
719,overdone,1.0,1.0
720,yogurt,2.0,7.0
721,score,9.0,3.0
722,everytime,19.0,17.0
723,.maybe,2.0,1.0
724,oatmeal,1.0,2.0
725,guard,3.0,2.0
726,sore,10.0,2.0
727,anyway,8.0,5.0
728,family-friendly,2.0,2.0
729,island,2.0,
730,hey,1.0,1.0
731,decide,4.0,3.0
732,afford,3.0,2.0
733,reliably,3.0,2.0
734,unfriendly,55.0,3.0
735,hugely,11.0,3.0
736,advance.we,1.0,
737,place,5.0,1.0
738,leather,5.0,5.0
739,routinely,12.0,2.0
740,corner,5.0,4.0
741,spot,3.0,2.0
742,punctually,1.0,
743,jokingly,3.0,2.0
744,daughter,12.0,8.0
745,backward,1.0,4.0
746,extensively,17.0,18.0
747,needle,2.0,4.0
748,strangely,14.0,5.0
749,bait,1.0,
750,vastly,7.0,4.0
751,understand,15.0,4.0
752,assuredly,2.0,2.0
753,uncharacteristically,1.0,
754,subsequently,7.0,2.0
755,literallly,1.0,
756,enitrely,1.0,
757,tiles-apparently,1.0,
758,marginally,13.0,2.0
759,secondly,21.0,10.0
760,regardless,21.0,25.0
761,sparsely,5.0,
762,drunk,1.0,
763,sound,3.0,3.0
764,heater,8.0,2.0
765,riveraide,1.0,
766,arena,1.0,1.0
767,roughly,19.0,7.0
768,interestingly,4.0,
769,proof,2.0,1.0
770,noice,3.0,1.0
771,wrong,10.0,8.0
772,blatantly,9.0,1.0
773,dial-up,1.0,
774,quirky,3.0,3.0
775,north,24.0,35.0
776,temporarily,6.0,4.0
777,sometimes,13.0,14.0
778,-night,1.0,1.0
779,yearly,4.0,4.0
780,thrown,2.0,
781,mouldy,1.0,
782,inn,1.0,1.0
783,morning.apparently,1.0,
784,move.there,1.0,
785,cancell,1.0,
786,tinier,1.0,
787,menu.the,1.0,
788,lug,1.0,1.0
789,toilet,7.0,1.0
790,officially,9.0,1.0
791,.that,1.0,
792,neighbours,3.0,2.0
793,extreemly,1.0,2.0
794,videos,1.0,
795,starkly,1.0,
796,suppose,9.0,3.0
797,casually,5.0,1.0
798,lakefront,1.0,
799,immediately,7.0,2.0
800,horrible,1.0,
801,eco-friendly,2.0,6.0
802,sigh,1.0,
803,neigbourhood,1.0,
804,similarly,1.0,2.0
805,i.e,2.0,
806,poolside,2.0,1.0
807,northerly,1.0,1.0
808,homely,5.0,12.0
809,generously,7.0,16.0
810,freshly,18.0,31.0
811,sporadically,5.0,
812,add,1.0,2.0
813,substandard,6.0,
814,quietly,19.0,19.0
815,tightly,7.0,
816,fax,1.0,
817,.the,6.0,
818,makeover,6.0,
819,fleas,1.0,
820,bug,4.0,
821,handicap,2.0,1.0
822,solely,17.0,5.0
823,sway,3.0,
824,battery,1.0,
825,unacceptably,3.0,
826,nightclub,4.0,
827,taix,1.0,
828,practicatlly,1.0,
829,mysteriously,9.0,2.0
830,mainly,4.0,1.0
831,unfortunatly,10.0,2.0
832,'heavenly,2.0,1.0
833,broken,10.0,1.0
834,delightfully,3.0,8.0
835,maddeningly,2.0,
836,darkly,4.0,
837,frighteningly,2.0,
838,foul,3.0,1.0
839,..so,1.0,
840,purposefully,2.0,2.0
841,asst,1.0,
842,bulbs,2.0,
843,closeby,2.0,1.0
844,arrival,6.0,3.0
845,throng,2.0,
846,impossibly,5.0,2.0
847,skyway,1.0,
848,award,4.0,1.0
849,pack,4.0,2.0
850,interior,5.0,3.0
851,slept,3.0,3.0
852,chilly,18.0,31.0
853,unseasonably,3.0,2.0
854,duster,3.0,
855,beverly,2.0,5.0
856,laptop,1.0,
857,gently,6.0,3.0
858,albeit,3.0,2.0
859,nowadays,2.0,1.0
860,unsurprisingly,3.0,1.0
861,attractive,1.0,
862,-th,5.0,3.0
863,densely,2.0,
864,loud,16.0,2.0
865,wouldn,1.0,
866,notably,6.0,5.0
867,friendly.not,1.0,
868,overnight,7.0,16.0
869,till,4.0,2.0
870,trolly,11.0,17.0
871,cart,3.0,
872,wrongly,6.0,
873,frightfully,2.0,
874,amidst,2.0,
875,neighbor,3.0,3.0
876,homeless,1.0,2.0
877,dinner,20.0,16.0
878,disco,2.0,
879,multiple,2.0,1.0
880,adequately,19.0,12.0
881,meticilously,1.0,
882,rough,2.0,
883,helicopter,3.0,
884,internally,2.0,2.0
885,triple,4.0,1.0
886,parkway,3.0,1.0
887,bold,1.0,
888,husband,5.0,5.0
889,shampoo,3.0,1.0
890,expensive,5.0,2.0
891,crudely,1.0,
892,inefficiently,1.0,
893,bumper,1.0,
894,held,1.0,
895,apology,9.0,2.0
896,exclusively,11.0,5.0
897,alleyway,3.0,1.0
898,internationally,3.0,3.0
899,saturday,1.0,
900,throughly,3.0,3.0
901,haphazardly,2.0,
902,awoke,3.0,1.0
903,commercially,1.0,
904,dime,9.0,
905,cold,6.0,1.0
906,elite,3.0,
907,add'l,1.0,
908,outdated,1.0,
909,whilst,3.0,1.0
910,shop,1.0,
911,bag,2.0,
912,queen,3.0,1.0
913,calmly,4.0,1.0
914,prime,1.0,
915,inconveniently,3.0,1.0
916,respectfully,3.0,3.0
917,offset,1.0,
918,amazed,1.0,
919,woefully,7.0,
920,funny,6.0,1.0
921,near-by,2.0,
922,bubbly,2.0,15.0
923,walk,6.0,6.0
924,defenatly,1.0,
925,efficiently,11.0,29.0
926,idiotically,1.0,
927,thick,1.0,1.0
928,vibrate,1.0,
929,non-time,1.0,
930,unlikely,2.0,
931,nightmare,3.0,1.0
932,sight,3.0,3.0
933,lifeguard,5.0,3.0
934,everyone,1.0,
935,stuffy,4.0,3.0
936,curtly,5.0,
937,fullly,2.0,
938,littler,1.0,
939,encounter,9.0,7.0
940,inmediatly,1.0,
941,patiently,10.0,7.0
942,odor,6.0,
943,spoke,2.0,2.0
944,.there,6.0,2.0
945,infinitely,2.0,1.0
946,futile,1.0,
947,read,3.0,1.0
948,realise,1.0,
949,curbside,2.0,
950,coldly,4.0,1.0
951,fault,2.0,3.0
952,roll-away,4.0,1.0
953,meantime,4.0,
954,annoyed,5.0,
955,lobster,1.0,
956,mattress,17.0,3.0
957,rely,18.0,6.0
958,potentially,12.0,8.0
959,mgmt,1.0,1.0
960,nearest,2.0,
961,queu,1.0,
962,ankle,2.0,1.0
963,niave,1.0,
964,won`t,1.0,
965,voluntarily,3.0,1.0
966,master,5.0,4.0
967,salad,2.0,
968,accurately,10.0,6.0
969,mildly,12.0,4.0
970,diagonally,2.0,3.0
971,jewerly,1.0,1.0
972,sort,6.0,2.0
973,alarm,1.0,
974,wifi,2.0,1.0
975,bid,1.0,
976,flatotel,1.0,
977,purely,14.0,6.0
978,endlessly,3.0,2.0
979,hallways,3.0,
980,handsomely,1.0,1.0
981,couldnt,2.0,
982,plain,7.0,4.0
983,tastefully,17.0,85.0
984,mecca,1.0,
985,flagship,1.0,
986,imo,1.0,
987,free,4.0,2.0
988,fridge,5.0,2.0
989,admittedly,19.0,7.0
990,struck,2.0,
991,quietness,1.0,
992,eat,10.0,10.0
993,cheerfully,9.0,17.0
994,club,1.0,
995,wait,12.0,8.0
996,suprisingly,6.0,3.0
997,screwdriver,2.0,
998,sooner,5.0,5.0
999,notch,6.0,12.0
1000,nastiness,1.0,
1001,awesome,4.0,9.0
1002,laggy,1.0,
1003,plaster,1.0,
1004,overall,6.0,3.0
1005,guy,2.0,
1006,lift,5.0,5.0
1007,lifetime,2.0,2.0
1008,matress,4.0,
1009,aimlessly,2.0,2.0
1010,onsite,3.0,4.0
1011,railway,1.0,
1012,definietely,2.0,
1013,slow,4.0,1.0
1014,safely,8.0,16.0
1015,understaffed,2.0,
1016,good,1.0,2.0
1017,chat,1.0,8.0
1018,star,6.0,1.0
1019,check,6.0,1.0
1020,alike,5.0,5.0
1021,dimly,10.0,7.0
1022,scrupulously,2.0,2.0
1023,intensely,4.0,
1024,nothin,1.0,
1025,upset,4.0,1.0
1026,unfreindly,1.0,
1027,musty,8.0,1.0
1028,thirsty,1.0,
1029,extraordinarily,8.0,3.0
1030,afloat,1.0,
1031,increasingly,3.0,
1032,historically,1.0,3.0
1033,guess,11.0,4.0
1034,father,13.0,6.0
1035,queue,9.0,3.0
1036,inexplicably,4.0,
1037,extensively..here,1.0,
1038,.pros,1.0,
1039,.wireless,1.0,
1040,washer,5.0,3.0
1041,tragically,1.0,1.0
1042,duly,3.0,2.0
1043,epicentre,1.0,
1044,ouch,1.0,1.0
1045,wisely,2.0,3.0
1046,miraculously,9.0,
1047,hopefully,36.0,33.0
1048,privately,8.0,2.0
1049,explicitly,6.0,
1050,explain,6.0,1.0
1051,crazily,1.0,
1052,traditionally,1.0,3.0
1053,turnover,2.0,
1054,usually,6.0,3.0
1055,wrongfully,1.0,
1056,vodka,1.0,
1057,-honestly,1.0,
1058,-i,1.0,
1059,ice,8.0,4.0
1060,renag,1.0,
1061,rightly,5.0,2.0
1062,earplugs,3.0,
1063,brought,3.0,2.0
1064,-rd,3.0,
1065,affixed,1.0,
1066,smoother,2.0,
1067,temp,6.0,
1068,grout,3.0,1.0
1069,deliver,13.0,7.0
1070,squarely,2.0,
1071,youth,5.0,1.0
1072,aloft,6.0,2.0
1073,proactively,1.0,3.0
1074,soon,1.0,
1075,weirdly,1.0,2.0
1076,mop,2.0,
1077,sticky,1.0,
1078,was.extremely,1.0,
1079,continuosly,1.0,
1080,expecially,3.0,5.0
1081,comfy,6.0,18.0
1082,ok.,1.0,1.0
1083,thumbs,2.0,1.0
1084,ballgames,1.0,
1085,awoken,2.0,
1086,massively,4.0,2.0
1087,jet,1.0,1.0
1088,ghastly,8.0,
1089,egregiously,1.0,
1090,grime,3.0,
1091,pincher,1.0,
1092,hell,1.0,
1093,inconviently,1.0,
1094,dirtier,4.0,
1095,commuter,1.0,
1096,laready,1.0,
1097,..more,1.0,1.0
1098,rollaway,18.0,9.0
1099,stairs,8.0,7.0
1100,queenly,1.0,
1101,wearily,1.0,
1102,nylon,1.0,
1103,hourly,5.0,5.0
1104,astronomically,2.0,
1105,stop,3.0,2.0
1106,attitude,3.0,
1107,peacefully,2.0,5.0
1108,lightly,5.0,4.0
1109,mercilessly,1.0,
1110,false,2.0,
1111,.somewhat,1.0,
1112,broom,1.0,
1113,consistenly,1.0,
1114,nod,3.0,2.0
1115,magically,8.0,2.0
1116,objectively,1.0,1.0
1117,outragously,2.0,
1118,intentionally,6.0,1.0
1119,accounts',1.0,
1120,finish,1.0,
1121,consistantly,2.0,2.0
1122,ordinarily,2.0,
1123,tour,2.0,2.0
1124,currently,3.0,1.0
1125,doorbell,1.0,
1126,flys,1.0,
1127,shot,5.0,1.0
1128,competitively,4.0,2.0
1129,nuisance,2.0,
1130,inconvenience,2.0,2.0
1131,nycgo.com,1.0,
1132,faxed,1.0,1.0
1133,verly,1.0,
1134,expressly,4.0,
1135,staggeringly,1.0,
1136,wholly,5.0,
1137,break,1.0,1.0
1138,flatter,2.0,
1139,subparly,1.0,
1140,atmostphere,1.0,
1141,poop,1.0,
1142,supplier,1.0,
1143,conviently,1.0,7.0
1144,error,6.0,
1145,slovenly,2.0,
1146,one.if,1.0,
1147,ride,4.0,12.0
1148,old.we,1.0,
1149,underway,7.0,
1150,shoe,1.0,
1151,wasnt,3.0,3.0
1152,continously,1.0,
1153,medically,1.0,
1154,http,1.0,
1155,argue,1.0,
1156,chack,1.0,
1157,onward,3.0,
1158,blakely,1.0,2.0
1159,friendliness,2.0,1.0
1160,.hardly,1.0,
1161,super-friendly,1.0,6.0
1162,it-,1.0,
1163,flusher,1.0,
1164,err,1.0,
1165,emotionally,2.0,
1166,sofa,2.0,
1167,absoloutely,1.0,2.0
1168,expedia,4.0,3.0
1169,electronically,3.0,3.0
1170,ethernet,2.0,
1171,voluntarilly,1.0,
1172,mid-town,1.0,
1173,no-where,1.0,
1174,-day,3.0,1.0
1175,dodgy,1.0,1.0
1176,smelt,3.0,
1177,noisey,7.0,1.0
1178,brown,1.0,1.0
1179,momentarily,3.0,1.0
1180,fixed,2.0,1.0
1181,unpleasantly,3.0,1.0
1182,expertly,1.0,4.0
1183,arguably,2.0,2.0
1184,pleasure,1.0,1.0
1185,propperly,1.0,
1186,dresser,4.0,5.0
1187,astonishingly,2.0,1.0
1188,feel,3.0,5.0
1189,pick,4.0,3.0
1190,rediculously,3.0,1.0
1191,nd.we,1.0,
1192,ears.the,1.0,
1193,laid,1.0,1.0
1194,..i,4.0,1.0
1195,breads..was,1.0,
1196,lethargic,1.0,
1197,disturbingly,1.0,
1198,uniquely,2.0,3.0
1199,fate,1.0,
1200,goodly,1.0,1.0
1201,travellng,1.0,
1202,plugs,1.0,
1203,reaslly,1.0,
1204,yu,1.0,
1205,-however,1.0,
1206,says.there,1.0,
1207,disgustingly,11.0,
1208,argued,1.0,
1209,please,3.0,
1210,waiter,11.0,7.0
1211,courteously,2.0,7.0
1212,decor,10.0,3.0
1213,posher,1.0,
1214,happened..roll-away,1.0,
1215,shoddy,1.0,
1216,e.g.,1.0,
1217,shove,1.0,
1218,religiously,1.0,
1219,apologetic,1.0,
1220,involuntarily,1.0,
1221,neat,2.0,2.0
1222,ordeal,1.0,
1223,blanket,2.0,
1224,immaculately,3.0,28.0
1225,pseudo-poster,1.0,
1226,incongruously,1.0,
1227,heartily,1.0,4.0
1228,mid,2.0,3.0
1229,obsessively,1.0,
1230,towels,1.0,
1231,lit,4.0,2.0
1232,astoundingly,3.0,
1233,insincere,3.0,
1234,button,1.0,1.0
1235,arose,1.0,
1236,grossly,14.0,1.0
1237,ascetically,1.0,
1238,billboard,1.0,
1239,..this,1.0,
1240,pensylvania,1.0,
1241,workout,2.0,
1242,undoubtedly,4.0,7.0
1243,professionally,12.0,21.0
1244,ill,2.0,2.0
1245,lumpy,1.0,
1246,espeically,2.0,
1247,pay,2.0,1.0
1248,nap,4.0,1.0
1249,penthouse,1.0,1.0
1250,..never,1.0,
1251,barrier,1.0,1.0
1252,insultingly,1.0,
1253,encourage,1.0,
1254,shut,4.0,
1255,fruit,1.0,2.0
1256,stark,1.0,
1257,wrere,1.0,
1258,riducuously,1.0,
1259,publicly,2.0,
1260,bodily,8.0,
1261,frumpy,1.0,
1262,.especially,2.0,1.0
1263,thereby,3.0,3.0
1264,eager,1.0,3.0
1265,logically,1.0,
1266,outrageously,11.0,12.0
1267,megaphone,1.0,
1268,unquestionably,1.0,1.0
1269,artsy,1.0,1.0
1270,pooch,1.0,
1271,afterward,3.0,2.0
1272,echo,1.0,
1273,spectacularly,2.0,3.0
1274,absurdly,3.0,3.0
1275,quit,2.0,2.0
1276,.over,1.0,
1277,disrespectful,1.0,
1278,externally,3.0,1.0
1279,rightfully,3.0,
1280,firehouse,1.0,
1281,abysmal,1.0,
1282,sleep.unfortunately,1.0,
1283,outdoor,2.0,1.0
1284,clerk,2.0,
1285,unfailingly,3.0,16.0
1286,overtly,4.0,
1287,bud,1.0,
1288,stinky,2.0,
1289,begrudgingly,6.0,
1290,environmentally,1.0,6.0
1291,commonly,1.0,4.0
1292,watery,1.0,
1293,neighbourhood,4.0,7.0
1294,untill,2.0,
1295,simultaneously,1.0,4.0
1296,artfully,1.0,1.0
1297,.we,4.0,1.0
1298,noone,6.0,
1299,bellboys,1.0,
1300,liner,1.0,
1301,collectively,2.0,
1302,pleasently,4.0,6.0
1303,disappointingly,4.0,
1304,dowdy,1.0,
1305,bottle,11.0,13.0
1306,.it,3.0,1.0
1307,bay,3.0,6.0
1308,excellent.,1.0,
1309,assist,2.0,
1310,accidently,5.0,8.0
1311,.upgrade,1.0,
1312,aside,3.0,1.0
1313,frantically,4.0,1.0
1314,though,10.0,14.0
1315,hullabaloo,1.0,
1316,overall-,1.0,
1317,wobbly,6.0,2.0
1318,mind,7.0,3.0
1319,..well,1.0,
1320,abnormally,4.0,2.0
1321,gon,1.0,
1322,excess,3.0,
1323,non-heavenly,1.0,
1324,spotty,5.0,1.0
1325,smellly,1.0,
1326,park,7.0,6.0
1327,comforter,5.0,6.0
1328,-access,1.0,
1329,bargain,1.0,
1330,apart,3.0,1.0
1331,evidently,12.0,3.0
1332,-.,3.0,1.0
1333,harder,3.0,3.0
1334,'upgrade,1.0,
1335,halfway,5.0,4.0
1336,flawless,1.0,1.0
1337,enjoy,13.0,30.0
1338,evening-early,1.0,
1339,night.it,1.0,
1340,ther,4.0,1.0
1341,reward,2.0,
1342,avoid,4.0,1.0
1343,corporately,2.0,
1344,opulently,1.0,
1345,distressingly,2.0,
1346,minus,1.0,2.0
1347,upgrade,4.0,1.0
1348,birthday,1.0,8.0
1349,blithely,1.0,
1350,apologetically,2.0,
1351,pointlessly,1.0,
1352,accomm,1.0,
1353,.clearly,1.0,
1354,flatly,2.0,
1355,midnight,4.0,2.0
1356,beaver,1.0,
1357,thirdly,5.0,1.0
1358,claustrophobically,2.0,
1359,shockingly,5.0,4.0
1360,user,5.0,7.0
1361,endless,3.0,2.0
1362,avoide,1.0,
1363,boyfriend,2.0,
1364,fall,2.0,1.0
1365,effectively,6.0,2.0
1366,freakishly,2.0,
1367,staff..probably,1.0,
1368,unbearably,8.0,1.0
1369,worrisome,1.0,
1370,scratchy,2.0,
1371,track,4.0,
1372,buisness,1.0,1.0
1373,sames,1.0,
1374,epically,1.0,
1375,realize,1.0,
1376,employer,1.0,
1377,stronly,1.0,
1378,knew,5.0,3.0
1379,speedway,1.0,
1380,fight,2.0,
1381,follow,2.0,
1382,blacklight,1.0,
1383,freely,4.0,5.0
1384,key,1.0,
1385,subjectively,1.0,
1386,drab,1.0,
1387,attirbuite,1.0,
1388,mile,5.0,4.0
1389,drawn,1.0,
1390,nite,13.0,9.0
1391,in-room,1.0,
1392,adequate,2.0,2.0
1393,fan..,1.0,
1394,exercise,2.0,
1395,supposidely,1.0,
1396,bellman,2.0,1.0
1397,extrememly,4.0,2.0
1398,affect,1.0,
1399,mother,10.0,8.0
1400,mice,1.0,
1401,no-show,1.0,
1402,couple,3.0,
1403,complain,1.0,
1404,overheard,7.0,3.0
1405,inconsistantly,1.0,
1406,openly,2.0,2.0
1407,exterior,6.0,2.0
1408,locations…and,1.0,
1409,crush,1.0,
1410,skeleton,1.0,
1411,perpetually,5.0,1.0
1412,nauseatingly,1.0,
1413,blazingly,1.0,
1414,accord,1.0,
1415,sternly,2.0,
1416,flashy,1.0,
1417,pm,13.0,4.0
1418,answer,4.0,1.0
1419,ofpolitness,1.0,
1420,rateswere,1.0,
1421,wasgiven,1.0,
1422,eyes,1.0,
1423,laughter,2.0,
1424,knowingly,1.0,
1425,antenna,1.0,
1426,bedtime,2.0,2.0
1427,meager,1.0,
1428,.here,1.0,
1429,noisiest,1.0,
1430,bitter,1.0,
1431,paid,1.0,
1432,-breakfast,1.0,
1433,rally,1.0,
1434,dice,1.0,
1435,hopfully,1.0,
1436,funky,3.0,4.0
1437,interestly,1.0,
1438,hazard,3.0,
1439,pre-charged,1.0,
1440,laughably,3.0,2.0
1441,..now,1.0,
1442,aircon,4.0,1.0
1443,austin,1.0,
1444,noticed,3.0,
1445,expeditiously,1.0,1.0
1446,eachother,2.0,1.0
1447,peelong,1.0,
1448,handfuls,1.0,
1449,filthy,4.0,
1450,smiliarly,1.0,
1451,psychologically,2.0,
1452,make-up,3.0,
1453,teeth,1.0,
1454,muffin,1.0,2.0
1455,lock,4.0,1.0
1456,abuse,1.0,
1457,hold,3.0,1.0
1458,heat,1.0,
1459,desk-really,1.0,
1460,mildewy,3.0,
1461,comparably,3.0,1.0
1462,understandably,5.0,2.0
1463,misleadingly,1.0,
1464,picturesque,1.0,
1465,impatiently,2.0,
1466,measly,5.0,1.0
1467,glacially,2.0,
1468,leave,1.0,
1469,truthfully,3.0,4.0
1470,miserly,1.0,
1471,lifts,2.0,
1472,bang,1.0,1.0
1473,never-ever,1.0,
1474,damm,1.0,
1475,tediously,1.0,
1476,address,6.0,2.0
1477,denver,2.0,
1478,soda,1.0,
1479,monthly,1.0,1.0
1480,underscore,1.0,
1481,toaster,1.0,
1482,.just,1.0,2.0
1483,length,3.0,
1484,trash,1.0,
1485,attend,1.0,
1486,southeast,1.0,
1487,out.thus,1.0,
1488,roof,1.0,
1489,whereas,1.0,2.0
1490,adjust,5.0,1.0
1491,fathom,1.0,
1492,sparingly,1.0,
1493,errand,1.0,
1494,throughtout,1.0,
1495,centainly,1.0,
1496,laziness,2.0,
1497,refill,1.0,
1498,fancy,1.0,3.0
1499,holiday,3.0,5.0
1500,annually,2.0,3.0
1501,easilly,1.0,1.0
1502,scantily,2.0,
1503,supply,2.0,2.0
1504,toys,1.0,
1505,voice,1.0,
1506,appauld,1.0,
1507,quaint,2.0,1.0
1508,rack,2.0,
1509,..but,1.0,
1510,softball,1.0,
1511,sit,4.0,2.0
1512,guest,7.0,1.0
1513,mix,2.0,2.0
1514,drunkenly,1.0,
1515,store,12.0,8.0
1516,swore,1.0,
1517,defuse,1.0,
1518,impolite,2.0,
1519,hope,2.0,
1520,conventionally,2.0,
1521,freshener,2.0,
1522,erratic-,1.0,
1523,icy,1.0,
1524,it.there,1.0,
1525,used.so,1.0,
1526,internet,5.0,1.0
1527,elegantly,3.0,10.0
1528,sullenly,1.0,
1529,motif,1.0,
1530,.he,2.0,
1531,stupidly,4.0,4.0
1532,lounge,1.0,1.0
1533,uncommon,1.0,
1534,outragely,1.0,
1535,drugstore,1.0,
1536,progressively,3.0,2.0
1537,mall.however,1.0,
1538,takeaway,1.0,8.0
1539,aftersmell,1.0,
1540,excellently,4.0,10.0
1541,opener,3.0,
1542,narrow,4.0,1.0
1543,silly,10.0,19.0
1544,thereafter,6.0,4.0
1545,eveywhere,2.0,1.0
1546,favour,1.0,
1547,rodeway,1.0,
1548,blind,1.0,
1549,uggly,1.0,
1550,non-so-uggly,1.0,
1551,thereof,1.0,
1552,patron,1.0,
1553,literrally,1.0,
1554,leftover,6.0,1.0
1555,continuously,12.0,7.0
1556,else..,1.0,1.0
1557,photos,1.0,1.0
1558,alley,9.0,1.0
1559,unduly,3.0,
1560,noises.as,1.0,
1561,politically,2.0,1.0
1562,awake,6.0,1.0
1563,mastercard,1.0,1.0
1564,jelly,8.0,1.0
1565,asked,3.0,
1566,ac,3.0,
1567,nise,1.0,
1568,wasn,2.0,
1569,great-especially,1.0,
1570,unusualy,1.0,
1571,politiely,1.0,
1572,stan,1.0,
1573,exceedingly,10.0,13.0
1574,pet-friendly,5.0,4.0
1575,vaguely,4.0,1.0
1576,feedback,2.0,
1577,mixed-bag,1.0,
1578,stunk,1.0,
1579,valet,1.0,2.0
1580,friendlier,3.0,13.0
1581,un-customer-friendly,1.0,
1582,bathrooms,1.0,1.0
1583,bistro,1.0,2.0
1584,wereby,1.0,
1585,wind,1.0,1.0
1586,allegedly,4.0,2.0
1587,lowly,1.0,1.0
1588,impulse,1.0,
1589,towel,5.0,1.0
1590,occurs,1.0,
1591,west,1.0,4.0
1592,tummy,1.0,
1593,irked,1.0,
1594,anxiously,1.0,1.0
1595,precisely,2.0,2.0
1596,trashy,1.0,
1597,fishy,1.0,
1598,stick,1.0,1.0
1599,throroughly,1.0,
1600,ok-friendly,1.0,
1601,fluffy,1.0,
1602,luck,1.0,1.0
1603,dingy,2.0,
1604,favorite,3.0,8.0
1605,profoundly,3.0,
1606,stately,2.0,8.0
1607,ungodly,3.0,1.0
1608,persistently,2.0,
1609,bleach,1.0,
1610,miss,2.0,2.0
1611,difficultly,1.0,
1612,snide,2.0,
1613,presently,4.0,3.0
1614,centre,1.0,
1615,handout,1.0,
1616,scenery,2.0,
1617,writer,1.0,
1618,bite..there,1.0,
1619,consequently,2.0,
1620,air,3.0,1.0
1621,blew,2.0,
1622,came.luckily,1.0,
1623,breezeway,1.0,2.0
1624,disdain,1.0,
1625,teenager,1.0,
1626,strip,1.0,
1627,pricy,3.0,2.0
1628,over-friendly,1.0,
1629,charmingly,1.0,1.0
1630,spartanly,1.0,
1631,enormously,1.0,1.0
1632,wather,1.0,
1633,skillfully,1.0,
1634,met,1.0,2.0
1635,consatntly,1.0,
1636,allllllll,1.0,
1637,incidentally,4.0,2.0
1638,iron,1.0,4.0
1639,neet,1.0,
1640,conditioner,2.0,
1641,slid,1.0,
1642,holly,1.0,
1643,architectually,1.0,
1644,noticably,2.0,2.0
1645,shell,2.0,
1646,spa,3.0,6.0
1647,sporatically,1.0,
1648,chicago,4.0,2.0
1649,flight-time,1.0,
1650,adult,1.0,
1651,undeniably,3.0,2.0
1652,about,5.0,2.0
1653,mirror,2.0,1.0
1654,slice,2.0,
1655,trek,1.0,1.0
1656,boredly,2.0,
1657,unsure,1.0,
1658,bartender,2.0,
1659,decipher,1.0,
1660,alarmingly,1.0,1.0
1661,-very,1.0,1.0
1662,beaten,1.0,
1663,improve,2.0,
1664,favor,5.0,1.0
1665,etiquette-protocol,1.0,
1666,threaten,1.0,
1667,agressively,1.0,
1668,personnally,2.0,
1669,outwardly,3.0,
1670,door,7.0,8.0
1671,basic,2.0,4.0
1672,copy,1.0,
1673,terminally,1.0,
1674,niece,2.0,6.0
1675,sister,5.0,2.0
1676,extra,3.0,1.0
1677,..all,1.0,3.0
1678,empty,2.0,1.0
1679,-nightly,1.0,
1680,lengthly,1.0,
1681,get-together,1.0,
1682,immediatly,6.0,5.0
1683,knly,1.0,
1684,vere,1.0,1.0
1685,obscenely,2.0,
1686,dong,1.0,
1687,grudgingly,2.0,
1688,generate,1.0,
1689,squiggly,1.0,
1690,frustratingly,3.0,
1691,oclock,1.0,
1692,refresher,1.0,
1693,dirt,4.0,
1694,succesfully,2.0,
1695,nevertheless,9.0,8.0
1696,runway,3.0,6.0
1697,allright,1.0,
1698,snotty,2.0,
1699,girly,1.0,
1700,nickel,1.0,2.0
1701,owners-staff,1.0,
1702,effectiveness,1.0,
1703,hotels.com,2.0,
1704,nieiher,1.0,
1705,family,4.0,3.0
1706,.actually,1.0,
1707,housecleaner,1.0,
1708,die,1.0,
1709,.cheap,1.0,
1710,hear,4.0,1.0
1711,exactly,1.0,5.0
1712,dust,6.0,
1713,towels.amazingly,1.0,
1714,remote,1.0,
1715,hot,2.0,1.0
1716,drink,2.0,
1717,ottoman,1.0,
1718,explose,1.0,
1719,.despite,1.0,
1720,box,1.0,
1721,..very,2.0,1.0
1722,downhill,4.0,
1723,steadily,1.0,
1724,waterfront,2.0,1.0
1725,discreetly,2.0,1.0
1726,stongly,2.0,
1727,shore,2.0,3.0
1728,flip,1.0,
1729,safe..there,1.0,
1730,online..the,1.0,
1731,.definitely,2.0,
1732,frienly,1.0,
1733,enamel,1.0,
1734,afterthought,1.0,
1735,lazily,2.0,1.0
1736,austere,2.0,1.0
1737,agin,1.0,1.0
1738,liquor,1.0,
1739,litre,1.0,
1740,completly,4.0,1.0
1741,slam,1.0,1.0
1742,names,4.0,12.0
1743,dishwasher,2.0,11.0
1744,banquet,3.0,
1745,embarrassingly,1.0,
1746,helpful-friendly,1.0,
1747,apparenttly,1.0,
1748,jiggly,1.0,
1749,orderly,4.0,3.0
1750,hilariously,2.0,
1751,somwhere,2.0,1.0
1752,inherently,1.0,
1753,appearance,2.0,2.0
1754,awkwardly,13.0,2.0
1755,mroe,1.0,
1756,taxi,3.0,3.0
1757,sweat,1.0,
1758,sloppily,3.0,
1759,key-access-only,1.0,
1760,apologise,2.0,
1761,pulse,1.0,
1762,oops,1.0,
1763,unforgiveably,1.0,
1764,misfortune,1.0,
1765,unsafely,1.0,
1766,didn,1.0,1.0
1767,tap,2.0,
1768,handier,1.0,
1769,hesitantly,1.0,
1770,placard,1.0,1.0
1771,particualrly,1.0,
1772,agressive,1.0,
1773,softly,1.0,
1774,swiftly,3.0,8.0
1775,flagerantly,1.0,
1776,caught,1.0,
1777,nusiance,1.0,
1778,manly,1.0,1.0
1779,sat,3.0,
1780,prejudice,1.0,
1781,flawlessly,1.0,6.0
1782,cousin,1.0,
1783,tight,8.0,2.0
1784,snore,1.0,
1785,bathtowel,1.0,
1786,propely,1.0,
1787,apathy,1.0,
1788,nye,1.0,
1789,in-laws,1.0,
1790,definitively,5.0,5.0
1791,critically,1.0,
1792,'early,1.0,
1793,awaken,1.0,
1794,anger,1.0,
1795,eggs,2.0,1.0
1796,overcast,1.0,
1797,beltway,2.0,
1798,wheely,1.0,
1799,hotter,1.0,
1800,favourably,2.0,
1801,finallly,1.0,
1802,o.k,1.0,
1803,smugly,1.0,
1804,nook,1.0,1.0
1805,basin,2.0,
1806,universally,2.0,6.0
1807,thay,1.0,
1808,unwillingly,1.0,
1809,nose,5.0,1.0
1810,carlessly,1.0,
1811,ratty,2.0,
1812,ofter,1.0,
1813,prohibitively,2.0,
1814,assumably,1.0,
1815,drap,1.0,
1816,elevators..usually,1.0,
1817,pearly,1.0,
1818,pad,1.0,
1819,express,4.0,7.0
1820,coincidentally,2.0,
1821,eyesore,1.0,1.0
1822,-only,1.0,3.0
1823,favourite,2.0,2.0
1824,newness,2.0,
1825,dealt,1.0,
1826,sharply,2.0,
1827,accommodate,1.0,1.0
1828,faucet,1.0,
1829,yadda,1.0,
1830,everywhehere,1.0,
1831,mention,1.0,1.0
1832,aisle,1.0,
1833,sideway,1.0,
1834,wrecker,1.0,
1835,fraudulently,2.0,
1836,notified,1.0,
1837,waiver,1.0,
1838,mystery,1.0,
1839,cleanliness,4.0,
1840,deceptively,2.0,1.0
1841,e-mail,1.0,
1842,keyboard,2.0,
1843,fallen,1.0,
1844,.like,1.0,
1845,nest,1.0,2.0
1846,you-above,1.0,
1847,willingly,5.0,1.0
1848,'definitively,1.0,
1849,previosuly,1.0,
1850,nooooooooooo,1.0,
1851,phisically,1.0,
1852,immidiatly,1.0,
1853,lucklily,1.0,
1854,reply,3.0,
1855,bearly,2.0,1.0
1856,plasma,1.0,
1857,as,1.0,
1858,condescendingly,1.0,
1859,frat,1.0,
1860,usual.he,1.0,
1861,cleap,1.0,
1862,overkill,1.0,
1863,ample,2.0,
1864,icky,1.0,
1865,girl,2.0,
1866,purposely,5.0,1.0
1867,smooth,2.0,10.0
1868,ever,5.0,1.0
1869,severe,1.0,
1870,guide,3.0,1.0
1871,minimalist,1.0,
1872,bland.as,1.0,
1873,heartedly,1.0,1.0
1874,propetly,1.0,
1875,honeymoon,3.0,5.0
1876,haplessly,1.0,
1877,concurrently,1.0,1.0
1878,downside,4.0,20.0
1879,extend,1.0,2.0
1880,deffiently,1.0,
1881,awsome,1.0,2.0
1882,pat,1.0,
1883,realistically,2.0,
1884,unutterably,1.0,
1885,incredulously,1.0,
1886,liar,3.0,
1887,meet,2.0,3.0
1888,vending-ice,1.0,1.0
1889,extremly,5.0,11.0
1890,hotel.only,1.0,
1891,weekend.strongly,1.0,
1892,curly,4.0,
1893,thursday,1.0,
1894,.will,1.0,
1895,inappropriately,2.0,
1896,serv,1.0,
1897,seas,1.0,
1898,entertain,1.0,
1899,and-or,1.0,1.0
1900,odd-ugly,1.0,
1901,weird,2.0,
1902,sweep,1.0,
1903,litereally,1.0,
1904,ya,2.0,
1905,cause,3.0,
1906,hadnt,1.0,
1907,escape,1.0,1.0
1908,fancier,1.0,1.0
1909,unsuccessfully,4.0,
1910,cat,1.0,
1911,foldaway,1.0,
1912,proably,2.0,
1913,buildup,1.0,
1914,leak,2.0,
1915,bitterly,3.0,2.0
1916,ear,2.0,1.0
1917,stuck,1.0,1.0
1918,fair,3.0,
1919,alcove,2.0,
1920,suficiantly,1.0,
1921,modestly,6.0,2.0
1922,cool,1.0,2.0
1923,army,1.0,
1924,barrack,1.0,
1925,smartly,2.0,5.0
1926,dump,1.0,
1927,downstairs,4.0,1.0
1928,intently,1.0,
1929,definite,2.0,2.0
1930,south.there,1.0,
1931,ahead.there,1.0,
1932,day.they,1.0,
1933,future.there,1.0,
1934,deal,3.0,2.0
1935,backyard,1.0,1.0
1936,riduculously,1.0,
1937,becasue,1.0,
1938,location,2.0,2.0
1939,organise,1.0,1.0
1940,el,1.0,1.0
1941,slide,3.0,1.0
1942,elbow,1.0,
1943,lime,1.0,
1944,day.the,1.0,
1945,remarkably,8.0,11.0
1946,luggage,2.0,1.0
1947,pricey,8.0,16.0
1948,dolly,2.0,
1949,nephew,2.0,2.0
1950,catergorically,1.0,
1951,fumes,1.0,
1952,marijuana,1.0,
1953,paitently,1.0,
1954,abut,1.0,
1955,all,2.0,2.0
1956,saggy,1.0,
1957,sheet,1.0,
1958,pajamas,1.0,
1959,two-year-old,1.0,
1960,anything..i,1.0,
1961,reportedly,4.0,2.0
1962,solidly,2.0,1.0
1963,probablly,1.0,
1964,attractively,2.0,11.0
1965,ay,2.0,
1966,helpful,4.0,14.0
1967,arrival.there,1.0,
1968,scuffed,1.0,
1969,comically,1.0,3.0
1970,resonably,6.0,3.0
1971,probally,1.0,
1972,possiblly,1.0,
1973,aloof,2.0,
1974,cake,1.0,
1975,easely,1.0,
1976,brightly,3.0,4.0
1977,engineer,2.0,
1978,check-in,1.0,1.0
1979,afros,1.0,
1980,..espcially,1.0,
1981,theater,2.0,3.0
1982,extortionately,1.0,
1983,ready,2.0,1.0
1984,manner,3.0,
1985,noisier,1.0,1.0
1986,hotel..,1.0,
1987,agoin,1.0,
1988,hustle,3.0,1.0
1989,sweetly,1.0,1.0
1990,so-so,1.0,1.0
1991,exorbitantly,2.0,1.0
1992,neon,1.0,
1993,isnt,1.0,
1994,room-,1.0,1.0
1995,domestically,1.0,
1996,offer,2.0,
1997,sunrise,1.0,
1998,slippery,2.0,
1999,winery,2.0,
2000,welcome,1.0,4.0
2001,independently,4.0,2.0
2002,enrmously,1.0,
2003,fabric,2.0,
2004,headboard,6.0,3.0
2005,secretly,2.0,
2006,friends,2.0,
2007,overly-friendly,1.0,
2008,clever,1.0,
2009,exasperatingly,1.0,
2010,nightlife,2.0,5.0
2011,damn,1.0,
2012,faintly,2.0,2.0
2013,forbid,1.0,
2014,.do,1.0,
2015,skip,1.0,1.0
2016,actively,4.0,3.0
2017,already,1.0,
2018,brusquely,2.0,
2019,quietest,1.0,1.0
2020,hotely,1.0,
2021,options.not,1.0,
2022,temperature,2.0,
2023,globally,1.0,1.0
2024,proximitly,1.0,
2025,beedrom,1.0,
2026,comfort,1.0,
2027,advisor,1.0,
2028,stopover,1.0,2.0
2029,–a,1.0,
2030,hurriedly,1.0,1.0
2031,eventaully,1.0,
2032,rooms,1.0,1.0
2033,expetionally,1.0,
2034,extraordinarly,1.0,
2035,unnecessarily,3.0,1.0
2036,impeccably,2.0,25.0
2037,bi,1.0,
2038,.but,2.0,1.0
2039,mosquito,1.0,
2040,depart,1.0,
2041,spartan,1.0,1.0
2042,mentioning.we,1.0,
2043,brilliantly,1.0,3.0
2044,excercise,1.0,2.0
2045,abide,2.0,2.0
2046,almond,1.0,
2047,haughtily,1.0,
2048,god,1.0,
2049,.my,1.0,
2050,.dont,1.0,
2051,exec,1.0,
2052,mid-sentence,1.0,
2053,honor,1.0,
2054,night-,1.0,1.0
2055,nighttime,3.0,3.0
2056,microphone,1.0,
2057,disrespectfully,1.0,
2058,meal,2.0,3.0
2059,-relatively,1.0,
2060,bathtubs,2.0,
2061,in-out,1.0,1.0
2062,formally,2.0,2.0
2063,geninely,1.0,
2064,unevenly,1.0,
2065,assistance,3.0,1.0
2066,hair,1.0,
2067,off-broke,1.0,
2068,materialise,1.0,
2069,rivercenter,1.0,
2070,lovingly,1.0,4.0
2071,on-off,1.0,1.0
2072,•there,1.0,
2073,shutter,1.0,
2074,sheer,1.0,1.0
2075,w-,1.0,
2076,lamp,1.0,
2077,furiously,1.0,
2078,sorry,2.0,
2079,neighbourhood..,1.0,
2080,all-weather,1.0,
2081,pharmacy-store,1.0,
2082,diffidently,2.0,
2083,steakhouse,2.0,
2084,lolly,1.0,
2085,attach,1.0,
2086,midday,1.0,
2087,reluctanly,1.0,
2088,cautiously,1.0,
2089,worked,1.0,
2090,classy,1.0,
2091,uniformly,5.0,10.0
2092,useless,1.0,2.0
2093,immidietly,1.0,
2094,uip,1.0,
2095,wetter,1.0,
2096,cumulatively,1.0,
2097,brutally,2.0,1.0
2098,boys,2.0,3.0
2099,visibily,1.0,
2100,future,2.0,1.0
2101,regretably,1.0,
2102,embarrasingly,1.0,
2103,roach,1.0,
2104,photographer,1.0,
2105,dress,1.0,
2106,breath,1.0,
2107,bagels..,1.0,
2108,swanky,1.0,
2109,router,1.0,
2110,fundamentally,2.0,
2111,taxis,1.0,3.0
2112,sketchy,1.0,
2113,somewhat,1.0,1.0
2114,vacuum,3.0,
2115,somehwere,2.0,
2116,overally,2.0,
2117,turnaround,1.0,
2118,outrageous-,1.0,
2119,police,3.0,
2120,dont,5.0,1.0
2121,liberally,2.0,
2122,remove,1.0,
2123,years.but,1.0,
2124,pillow,1.0,1.0
2125,immensely,4.0,7.0
2126,stakeout,1.0,
2127,preferably,2.0,2.0
2128,adamantly,2.0,
2129,creatively,2.0,
2130,speak,1.0,
2131,violently,3.0,1.0
2132,patchy,1.0,
2133,aswell,1.0,1.0
2134,vociferously,1.0,
2135,pasta,1.0,
2136,alongside,5.0,3.0
2137,pathway,2.0,1.0
2138,initally,3.0,2.0
2139,perfctly,1.0,
2140,romance,1.0,
2141,soooooo,1.0,1.0
2142,speedily,1.0,1.0
2143,forgotten,1.0,4.0
2144,again…,1.0,
2145,cleverly,1.0,3.0
2146,handy,1.0,2.0
2147,earl,1.0,
2148,-generally,1.0,
2149,desire,1.0,
2150,neutraliser,1.0,
2151,fithly,1.0,
2152,civilly,1.0,
2153,superior,1.0,
2154,busy-understaffed,1.0,
2155,locked-out,1.0,
2156,checked-out,1.0,
2157,deli,1.0,2.0
2158,proud,1.0,
2159,newest,2.0,
2160,patio,1.0,1.0
2161,exhaust,2.0,
2162,fine,1.0,
2163,grumpy,1.0,
2164,hung,1.0,
2165,inconsistently,1.0,1.0
2166,alway,1.0,5.0
2167,background,1.0,
2168,attached,1.0,
2169,famously,1.0,
2170,set,1.0,
2171,gay-friendly,1.0,
2172,stuff,1.0,
2173,hilly,2.0,2.0
2174,spider,1.0,
2175,.really,3.0,
2176,deceitfully,1.0,
2177,built,1.0,
2178,obiviously,1.0,
2179,frame,1.0,
2180,else,1.0,
2181,aptly,1.0,2.0
2182,operater,1.0,
2183,diffrently,1.0,
2184,tea,1.0,
2185,pause,1.0,
2186,diehard,1.0,
2187,lightbulbs,1.0,
2188,midtown,1.0,6.0
2189,worryingly,1.0,
2190,tasteless,1.0,
2191,easier,4.0,9.0
2192,duvet,1.0,1.0
2193,relatively,2.0,3.0
2194,convulsing-literally,1.0,
2195,expediently,2.0,1.0
2196,stack,2.0,
2197,oz,1.0,
2198,seaport,1.0,1.0
2199,foot,3.0,3.0
2200,fibs,1.0,
2201,ok,1.0,1.0
2202,theoretically,3.0,
2203,safest,1.0,
2204,alternatively,3.0,1.0
2205,fragrance,1.0,
2206,overshadowed,1.0,
2207,backside,2.0,
2208,abundantly,1.0,1.0
2209,exit,1.0,1.0
2210,theft,2.0,
2211,..lots,1.0,
2212,ridiculosly,1.0,
2213,nuts,1.0,
2214,backpack,2.0,
2215,defintely,1.0,12.0
2216,yout,1.0,
2217,driven,2.0,1.0
2218,america,1.0,
2219,urgently,2.0,1.0
2220,suffiently,1.0,
2221,skill,1.0,
2222,eaten,2.0,2.0
2223,transfer,1.0,
2224,princely,1.0,
2225,unmannerly,1.0,
2226,carelessly,1.0,
2227,furthermore,2.0,1.0
2228,lushly,1.0,
2229,profile,1.0,
2230,sexually,1.0,
2231,painless,1.0,
2232,fees..,1.0,
2233,swere,1.0,1.0
2234,frendily,1.0,
2235,litter,2.0,1.0
2236,remorsefully,1.0,
2237,air-conditioner,1.0,
2238,smile,3.0,8.0
2239,firmly,2.0,3.0
2240,niose,1.0,
2241,achingly,1.0,
2242,usefully,1.0,
2243,genuninely,1.0,
2244,ramada,1.0,
2245,iphone,1.0,1.0
2246,quality-definitely,1.0,
2247,-unfreindly,1.0,
2248,ok-subway,1.0,
2249,blower,1.0,
2250,forceably,1.0,
2251,strikingly,1.0,2.0
2252,tatty,4.0,1.0
2253,harshly,1.0,
2254,em,1.0,
2255,teas,1.0,3.0
2256,deafeningly,1.0,
2257,lots,4.0,2.0
2258,unenthusiastically,1.0,
2259,greeter,1.0,
2260,haphazard,1.0,
2261,b'day,1.0,
2262,willy-nilly,1.0,
2263,gristly,1.0,
2264,shatteringly,1.0,
2265,vertically,1.0,
2266,apparenly,1.0,
2267,hmmm,1.0,
2268,dsmelly,1.0,
2269,newyorkhotels.com,1.0,
2270,-really,1.0,
2271,grocery,2.0,3.0
2272,rain,1.0,1.0
2273,bayside,1.0,2.0
2274,asked..,1.0,
2275,ocean,1.0,1.0
2276,obnoxiously,4.0,3.0
2277,summerly,1.0,
2278,ames,1.0,1.0
2279,ngiht,1.0,
2280,hide,3.0,2.0
2281,shamelessly,1.0,1.0
2282,hidden,1.0,
2283,economically,2.0,2.0
2284,qualms,1.0,
2285,limply,1.0,
2286,moderatly,1.0,
2287,figure,2.0,
2288,unfavorably,1.0,
2289,nearer,2.0,
2290,rock-hard,1.0,
2291,all-time,1.0,
2292,kitchen,2.0,4.0
2293,*that*,1.0,
2294,..it,1.0,1.0
2295,jad,1.0,
2296,sandy,1.0,
2297,utter,1.0,
2298,regretfully,2.0,1.0
2299,sad,1.0,
2300,avenue,1.0,2.0
2301,notepad,1.0,
2302,pull-out,2.0,2.0
2303,-gas,1.0,
2304,sang,1.0,
2305,bulb,2.0,1.0
2306,sidewalk,2.0,
2307,further,2.0,1.0
2308,metal,1.0,
2309,unwittingly,1.0,
2310,cell,2.0,1.0
2311,bully,3.0,
2312,trip.there,1.0,
2313,attaché,2.0,
2314,telly,3.0,5.0
2315,mid-march,1.0,
2316,proudly,3.0,
2317,unbelieveably,1.0,2.0
2318,porobably,1.0,
2319,haggard,1.0,
2320,drain,2.0,1.0
2321,netscape,1.0,
2322,mechanically,1.0,1.0
2323,pracitcally,1.0,
2324,un,1.0,
2325,pain,1.0,
2326,nort,1.0,
2327,ta,1.0,2.0
2328,instanly,1.0,
2329,wan,1.0,
2330,fuzz,1.0,
2331,spotless…but,1.0,
2332,ok…we,1.0,
2333,disconcertingly,1.0,
2334,tubes,1.0,
2335,nieghborhood,1.0,
2336,shampooed,1.0,
2337,max,1.0,
2338,non-descript,1.0,
2339,brighter,1.0,
2340,discouraged,1.0,
2341,mustiness,1.0,
2342,event.i,1.0,
2343,bar,6.0,8.0
2344,mid-may,1.0,
2345,signal,1.0,
2346,laser,1.0,
2347,passageway,2.0,
2348,atrociously,1.0,
2349,shudder,1.0,
2350,stairwell,4.0,
2351,alarms,1.0,
2352,trendily,2.0,
2353,mostlly,1.0,
2354,reasonbly,1.0,1.0
2355,absolutly,8.0,2.0
2356,pathetically,2.0,
2357,insufficiently,1.0,
2358,lily,1.0,
2359,eternally,1.0,
2360,step,1.0,
2361,nursery,1.0,
2362,check-out,1.0,3.0
2363,extremelly,1.0,1.0
2364,extaordinarily,1.0,
2365,rest,7.0,3.0
2366,ortherwise,1.0,
2367,sooo,1.0,3.0
2368,complitely,1.0,
2369,business-pleasure,1.0,
2370,nightcap,2.0,1.0
2371,cleanest,1.0,
2372,unwisely,1.0,
2373,indirectly,2.0,
2374,blankly,1.0,
2375,majorly,1.0,3.0
2376,discretely,1.0,
2377,note,1.0,
2378,fresher,2.0,1.0
2379,accessably,1.0,
2380,idiocy,1.0,
2381,aesily,1.0,
2382,''supposedly,1.0,
2383,efficient-friendly,1.0,
2384,+usd,1.0,
2385,swims,1.0,
2386,safes,1.0,
2387,none-too-friendly,1.0,
2388,leisure,1.0,
2389,beautiful,1.0,
2390,time.we,1.0,
2391,eerily,1.0,1.0
2392,-'-,1.0,
2393,swimming.this,1.0,
2394,disappointing.it,1.0,
2395,abrupt,1.0,
2396,disgusting..absolutely,1.0,
2397,hrs,1.0,1.0
2398,o'clock,1.0,
2399,.okay,1.0,
2400,mustly,1.0,
2401,fog,1.0,1.0
2402,asymmetrically,1.0,
2403,vehemently,1.0,
2404,back,2.0,4.0
2405,familly,1.0,2.0
2406,everywere,1.0,1.0
2407,blandly,1.0,
2408,smells.the,1.0,
2409,clown,1.0,
2410,ditto,1.0,
2411,chore,1.0,1.0
2412,seaside,1.0,
2413,end,1.0,2.0
2414,bookstore,1.0,
2415,price..well,1.0,
2416,dengerously,1.0,
2417,rationally,1.0,
2418,convenience,1.0,
2419,tierd,1.0,
2420,downtonw,1.0,
2421,.which,1.0,
2422,pushy,1.0,1.0
2423,accept,1.0,
2424,aroud,1.0,
2425,trick,1.0,
2426,advantge,1.0,
2427,alternate,1.0,
2428,outlandishly,1.0,
2429,.what,1.0,
2430,stood,2.0,
2431,admirably,1.0,1.0
2432,ball,1.0,
2433,-particularly,1.0,
2434,artsy-funky,1.0,
2435,lever,1.0,1.0
2436,nightime,2.0,
2437,approx,1.0,2.0
2438,unessesery,1.0,
2439,them.there,1.0,
2440,contractually,1.0,
2441,falsely,1.0,
2442,distraught,1.0,
2443,fifthly,1.0,
2444,drove,2.0,
2445,assertively,1.0,
2446,sly,2.0,
2447,monica,1.0,1.0
2448,wise,1.0,
2449,personality..more,1.0,
2450,..smelly,1.0,
2451,down..,1.0,
2452,keycard,1.0,
2453,mercifully,1.0,1.0
2454,again.staff,1.0,
2455,plainly,7.0,1.0
2456,staffed,1.0,1.0
2457,'where,1.0,
2458,ast,1.0,
2459,nice-,1.0,
2460,rehaul-,1.0,
2461,it.when,1.0,
2462,deadly,2.0,1.0
2463,strangelly,1.0,
2464,send,1.0,
2465,suspiciously,1.0,
2466,vague,1.0,
2467,sumptiously,1.0,
2468,no-no,1.0,
2469,faultless,1.0,1.0
2470,conciere,1.0,
2471,tonic,1.0,
2472,porrly,1.0,
2473,expose,1.0,
2474,attempt,1.0,
2475,fair…not,1.0,
2476,overflow,1.0,
2477,gravely,1.0,
2478,drunken,1.0,
2479,foosball,1.0,
2480,worldly,2.0,
2481,expressway,1.0,4.0
2482,adorably,1.0,
2483,friday,1.0,
2484,thruday,1.0,
2485,downer,1.0,1.0
2486,friently,1.0,
2487,moreso,1.0,
2488,attrociously,2.0,
2489,nightstand,2.0,3.0
2490,possily,1.0,
2491,slighly,2.0,
2492,sympathetically,1.0,
2493,residue,1.0,
2494,impressively,2.0,3.0
2495,lesser,1.0,3.0
2496,mini,1.0,4.0
2497,..most,1.0,
2498,bowl,1.0,1.0
2499,abjectly,1.0,
2500,wardrobe,1.0,1.0
2501,nigth,1.0,
2502,stand,2.0,
2503,understood,1.0,
2504,necessary.when,1.0,
2505,unruly,1.0,
2506,aggressively,5.0,
2507,spend,1.0,1.0
2508,fester,1.0,
2509,acceptably,3.0,2.0
2510,cowardly,1.0,
2511,painstakingly,1.0,
2512,quater,1.0,
2513,.surprisingly,1.0,
2514,asthetically,1.0,
2515,was…especially,1.0,
2516,delicately,1.0,1.0
2517,stuccoed,1.0,
2518,indefinitely,1.0,
2519,marina,1.0,1.0
2520,nouse,1.0,
2521,nights,1.0,3.0
2522,plywood,1.0,
2523,blue,1.0,
2524,gym,1.0,3.0
2525,cleanly,2.0,2.0
2526,horrifically,1.0,
2527,clean,1.0,4.0
2528,handicapped,1.0,
2529,..after,1.0,
2530,sink,2.0,
2531,hapilly,1.0,
2532,parallel,1.0,
2533,considerate,1.0,
2534,valiantly,1.0,
2535,ususally,1.0,4.0
2536,deservedly,1.0,1.0
2537,brother,1.0,4.0
2538,dim,2.0,1.0
2539,me..thought,1.0,
2540,fiancé,2.0,1.0
2541,cordially,1.0,1.0
2542,..probably,1.0,
2543,overhead,1.0,1.0
2544,taco,2.0,
2545,hangover,1.0,
2546,floorboard,1.0,
2547,seriouslly,1.0,
2548,*not*,1.0,
2549,..ask,1.0,
2550,maids,1.0,
2551,talk,1.0,
2552,mediocre,3.0,2.0
2553,reviews,2.0,1.0
2554,mistake,2.0,1.0
2555,file,2.0,
2556,ensuite,1.0,
2557,dingy-dusty-old,1.0,
2558,armchair,1.0,
2559,piece,2.0,2.0
2560,adversely,1.0,
2561,smokey-smelly,1.0,
2562,great-,1.0,
2563,absolotly,1.0,
2564,garishly,1.0,1.0
2565,premier,1.0,
2566,supossely,1.0,
2567,friend,2.0,1.0
2568,fiercely,1.0,
2569,ater,1.0,1.0
2570,deffinitely,1.0,1.0
2571,soap-shampoo,1.0,
2572,degree,1.0,
2573,firm,1.0,
2574,relentlessly,1.0,
2575,..slept,1.0,
2576,..that,1.0,1.0
2577,..surely,1.0,
2578,.all,1.0,1.0
2579,.worst,1.0,
2580,-friendly,3.0,2.0
2581,cough,1.0,
2582,spouse,1.0,1.0
2583,acknowledge,1.0,1.0
2584,faithfully,1.0,2.0
2585,yogur,1.0,
2586,around,2.0,
2587,prievously,1.0,
2588,fly,1.0,1.0
2589,barly,1.0,
2590,logistically,1.0,1.0
2591,sign,1.0,
2592,suicide,1.0,
2593,deliriously,1.0,
2594,expectantly,1.0,
2595,unload,1.0,1.0
2596,atmoshpere,2.0,1.0
2597,room-was,1.0,
2598,facelift,1.0,
2599,mountain,1.0,2.0
2600,amok,1.0,
2601,alittle,1.0,2.0
2602,discuss,1.0,
2603,smuggly,1.0,
2604,glass,1.0,
2605,friend..it,1.0,
2606,litely,1.0,
2607,drastically,1.0,1.0
2608,eaiser,1.0,
2609,fiance,1.0,1.0
2610,oustandingly,1.0,1.0
2611,unfortunatelly,1.0,
2612,sandwiches,1.0,
2613,elsewere,1.0,1.0
2614,conventiently,1.0,
2615,bench,1.0,
2616,sub-standard,1.0,
2617,wld,1.0,
2618,thorough,2.0,2.0
2619,aesthetically,3.0,5.0
2620,out..,1.0,
2621,a-c,6.0,1.0
2622,lamps,3.0,
2623,lampshade,1.0,
2624,square,2.0,1.0
2625,shaft,1.0,
2626,thusly,2.0,
2627,crib,1.0,
2628,unfrindly,1.0,
2629,appreciate,1.0,2.0
2630,lake,1.0,2.0
2631,lone,1.0,
2632,nauseas,1.0,
2633,shortcomings,1.0,
2634,beach,2.0,1.0
2635,again-if,1.0,
2636,room.there,1.0,
2637,ar,1.0,
2638,.well,2.0,
2639,porte,1.0,
2640,quaintly,1.0,
2641,flash,1.0,3.0
2642,hevenly,1.0,
2643,someday,2.0,2.0
2644,map,1.0,4.0
2645,bafflingly,1.0,
2646,strewn,1.0,
2647,dutifully,1.0,
2648,disastrously,1.0,
2649,*i,1.0,
2650,discustingly,1.0,
2651,propmtly,1.0,
2652,appeard,1.0,
2653,washcloth,1.0,
2654,.honestly,1.0,
2655,-there,4.0,3.0
2656,protecter,1.0,
2657,inadvertently,1.0,3.0
2658,trodden,1.0,
2659,not-could,1.0,
2660,bairly,2.0,
2661,emmediatly,1.0,
2662,quieten,1.0,
2663,abit,2.0,
2664,.needless,2.0,
2665,.as,1.0,
2666,obviosly,2.0,
2667,plesantly,1.0,1.0
2668,atomosphere,1.0,1.0
2669,*friendly,1.0,
2670,undercover,2.0,
2671,som,1.0,
2672,bday,1.0,
2673,loads,1.0,
2674,sheerly,1.0,
2675,quicker,1.0,1.0
2676,alright,4.0,1.0
2677,-less,1.0,
2678,crumbly,1.0,
2679,..only,1.0,
2680,yea,1.0,1.0
2681,result,1.0,
2682,fee,1.0,
2683,bin,1.0,
2684,mmm,1.0,
2685,couch,1.0,2.0
2686,adults,1.0,
2687,tripadvisor.com,1.0,
2688,naught,1.0,
2689,out…i,1.0,
2690,prudently,1.0,
2691,apologize,1.0,
2692,appearently,1.0,
2693,justify,1.0,
2694,kid-friendly,1.0,4.0
2695,systematically,2.0,
2696,email,1.0,
2697,ambiance,1.0,2.0
2698,revisit,1.0,
2699,again-,1.0,
2700,naively,1.0,
2701,non-feather,2.0,1.0
2702,customer-service,1.0,
2703,loveseat,1.0,
2704,manuver,2.0,
2705,optionally,1.0,
2706,magic,1.0,
2707,nothing,1.0,
2708,annother,1.0,
2709,doorman,2.0,
2710,veranda,1.0,
2711,perimeter,1.0,
2712,average,2.0,1.0
2713,condom,1.0,
2714,wireless,3.0,2.0
2715,on..there,1.0,
2716,monotone,1.0,
2717,fan,5.0,2.0
2718,precariously,1.0,1.0
2719,tomb,1.0,
2720,launder,1.0,
2721,awful,1.0,1.0
2722,attendant,1.0,
2723,airport-clearly,1.0,
2724,dog,1.0,4.0
2725,towel-twice,1.0,
2726,.with,1.0,
2727,anomaly,1.0,
2728,petite,1.0,
2729,alam,1.0,
2730,given,1.0,
2731,warehouse,1.0,
2732,supremely,3.0,3.0
2733,line-up,1.0,
2734,-more,2.0,1.0
2735,unheard,1.0,1.0
2736,incompetently,1.0,
2737,safe,1.0,
2738,hotel.even,1.0,
2739,note.there,1.0,
2740,luggage-,1.0,
2741,print,1.0,
2742,no-brainer,1.0,1.0
2743,..aside,1.0,
2744,-fairly,1.0,
2745,assumes,1.0,
2746,certaintly,1.0,
2747,lover,2.0,1.0
2748,neightborhood,1.0,
2749,ppl,1.0,
2750,mutually,1.0,
2751,fool,1.0,
2752,snottily,1.0,
2753,atleast,2.0,1.0
2754,mouldly,1.0,
2755,dismally,1.0,
2756,incovience,1.0,
2757,mixed,1.0,1.0
2758,neer,1.0,
2759,whistle,1.0,
2760,gather,1.0,5.0
2761,drapery,1.0,
2762,infrequently,1.0,
2763,*there,1.0,
2764,promintly,1.0,
2765,anatole,1.0,
2766,suburb,1.0,
2767,almost,1.0,1.0
2768,resort,1.0,2.0
2769,ton,1.0,1.0
2770,feb,1.0,
2771,uncontrollably,1.0,
2772,freshen,1.0,1.0
2773,-maybe,1.0,
2774,prefer,1.0,1.0
2775,trade-off,1.0,1.0
2776,april,1.0,
2777,..little,1.0,
2778,.you,1.0,
2779,mornig,1.0,
2780,online,1.0,
2781,straightforward,2.0,
2782,tablet,1.0,
2783,adapter,1.0,1.0
2784,accidentely,1.0,
2785,tonly,1.0,
2786,relativey,1.0,
2787,mediocore,1.0,
2788,four-feet,1.0,
2789,-july,1.0,
2790,postcard,1.0,1.0
2791,baths,1.0,
2792,~friendly,1.0,
2793,seattle,1.0,2.0
2794,convieniently,1.0,2.0
2795,yes,1.0,1.0
2796,plently,1.0,4.0
2797,competently,1.0,
2798,sexuallly,1.0,
2799,foil,1.0,
2800,cast,1.0,
2801,elsewhrere,1.0,
2802,nifty,1.0,
2803,bobypin,1.0,
2804,saga,1.0,
2805,hummus,1.0,
2806,appetizer,1.0,
2807,trust,1.0,2.0
2808,seldom,2.0,6.0
2809,winter,1.0,
2810,weekly,2.0,2.0
2811,smack,1.0,
2812,frindly,1.0,2.0
2813,scarey,1.0,
2814,'automatically,1.0,
2815,fare,1.0,1.0
2816,bright,1.0,4.0
2817,earier,1.0,
2818,fit,1.0,1.0
2819,numbingly,1.0,
2820,resently,1.0,
2821,cozy,1.0,2.0
2822,profundly,1.0,
2823,it.the,1.0,
2824,awy,1.0,
2825,day.firstly,1.0,
2826,questionably,1.0,1.0
2827,inform,1.0,
2828,sloshily,1.0,
2829,outward,2.0,1.0
2830,friends-family,2.0,
2831,joyfully,1.0,
2832,forcibly,1.0,
2833,sweaty,1.0,
2834,mouth,2.0,1.0
2835,-as,1.0,
2836,prize,1.0,
2837,shuffle,1.0,
2838,width,1.0,
2839,advice,1.0,4.0
2840,daquiri,1.0,
2841,allergic,1.0,
2842,printer,1.0,5.0
2843,scantly,1.0,
2844,nature,1.0,2.0
2845,seminar,1.0,
2846,townhomes,1.0,
2847,stakingly,1.0,
2848,occassionally,2.0,1.0
2849,..yet,1.0,
2850,headway,1.0,
2851,morningside,1.0,
2852,scary..,1.0,
2853,curt,1.0,
2854,standardly,1.0,
2855,sleepless,1.0,
2856,beard,1.0,
2857,appetite,1.0,2.0
2858,helpfull,1.0,3.0
2859,bathrobe,1.0,
2860,lesson,1.0,
2861,trained.totally,1.0,
2862,waver,1.0,
2863,sunday,1.0,
2864,day-night,1.0,
2865,agoda,1.0,
2866,broke,1.0,
2867,paltry,1.0,
2868,load,1.0,
2869,two-story-family,1.0,
2870,reveiws,1.0,
2871,hastily,4.0,1.0
2872,nono,1.0,
2873,unfortunately..,1.0,
2874,thingy,1.0,
2875,propably,1.0,
2876,bustle,2.0,
2877,.even,1.0,2.0
2878,alert,1.0,
2879,giveaway,1.0,
2880,issue,1.0,
2881,machinery,1.0,
2882,fever,2.0,
2883,toilet.on,1.0,
2884,security-especially,1.0,
2885,gastly,1.0,
2886,amicably,1.0,
2887,inmediately,2.0,
2888,-out,1.0,
2889,facecloth,1.0,
2890,anywere,1.0,2.0
2891,-eleven,1.0,
2892,ovously,1.0,
2893,toliet,1.0,
2894,nob,2.0,1.0
2895,return,1.0,1.0
2896,twice,1.0,1.0
2897,golf,1.0,
2898,defenitely,1.0,1.0
2899,ybe,1.0,
2900,defintily,1.0,
2901,maneuver,1.0,
2902,invest,1.0,
2903,bellboy,1.0,
2904,thhat,1.0,
2905,.only,1.0,1.0
2906,mightly,1.0,
2907,endure,1.0,
2908,..and,1.0,
2909,somewher,1.0,
2910,charitably,1.0,
2911,benedict,1.0,
2912,spoilt,1.0,
2913,soo,1.0,
2914,presumingly,1.0,
2915,courthouse,1.0,
2916,silently,2.0,
2917,disaster,1.0,1.0
2918,bath,2.0,
2919,bolt,1.0,
2920,defenetly,1.0,2.0
2921,entranceway,1.0,
2922,-daily,1.0,
2923,constanly,1.0,
2924,nights..,1.0,
2925,december,1.0,
2926,monstrously,1.0,
2927,-we,1.0,
2928,-after,1.0,
2929,opt,1.0,2.0
2930,ridicously,1.0,
2931,extinguisher,1.0,
2932,mover,1.0,5.0
2933,least..,1.0,
2934,apperance,1.0,
2935,times.on,1.0,
2936,adore,1.0,1.0
2937,min,1.0,2.0
2938,throat,1.0,
2939,wether,1.0,1.0
2940,motto,1.0,
2941,altho,1.0,
2942,windows-,1.0,
2943,pattern,1.0,
2944,unfavourably,1.0,1.0
2945,redundantly,1.0,
2946,earnestly,1.0,
2947,orbitz,1.0,
2948,literatly,1.0,
2949,navigate,1.0,1.0
2950,everyother,1.0,
2951,umbrellas,1.0,2.0
2952,phenomenally,1.0,2.0
2953,shoddily,1.0,
2954,quiet,1.0,7.0
2955,footboard,1.0,
2956,near-,1.0,
2957,emails,1.0,1.0
2958,november,1.0,1.0
2959,tissue,1.0,
2960,marathon,1.0,4.0
2961,slack,1.0,
2962,humanly,1.0,
2963,..guess,1.0,
2964,vile,1.0,
2965,expensive..,1.0,
2966,strange,1.0,
2967,anther,1.0,
2968,asthma,1.0,
2969,precedence,1.0,
2970,convinently,1.0,
2971,obvisously,1.0,
2972,-a,1.0,
2973,roll-a-way,1.0,1.0
2974,mouse,1.0,
2975,overlook,1.0,
2976,disturb,1.0,1.0
2977,divide,1.0,
2978,hipster,2.0,
2979,checkin.there,1.0,
2980,dumpster,2.0,
2981,belong,1.0,
2982,pleasant,1.0,4.0
2983,night-time,1.0,
2984,peculiar,1.0,
2985,butt,1.0,1.0
2986,soggy,1.0,
2987,excitedly,1.0,
2988,doubt,1.0,
2989,unsually,1.0,
2990,closet,1.0,
2991,finger,1.0,1.0
2992,absence,1.0,
2993,sky,1.0,
2994,innocently,1.0,
2995,increadibly,1.0,
2996,overnite,1.0,
2997,aback,1.0,
2998,fatty,1.0,
2999,reservation.there,1.0,
3000,refreshingly,1.0,3.0
3001,eh,2.0,
3002,defintiely,1.0,1.0
3003,milk,1.0,1.0
3004,slime,1.0,
3005,boulevard,1.0,3.0
3006,immidiately,1.0,
3007,ussually,1.0,
3008,unintentionally,1.0,
3009,biger,1.0,
3010,crisp,2.0,
3011,nutshell,1.0,1.0
3012,yoghurt,1.0,
3013,speaker,1.0,
3014,yelps,1.0,
3015,peopls,1.0,
3016,pong,1.0,
3017,accomadate,1.0,
3018,armoire,1.0,
3019,droan,1.0,
3020,lukewarm,1.0,
3021,unapologetically,1.0,
3022,comletely,1.0,
3023,acutally,1.0,1.0
3024,point,1.0,
3025,personal-family,1.0,
3026,extras,1.0,2.0
3027,beware,1.0,
3028,-hrs,1.0,
3029,seeminly,1.0,
3030,tasty,1.0,2.0
3031,tech,1.0,
3032,loyally,1.0,
3033,center,1.0,4.0
3034,daily.there,1.0,
3035,linen,1.0,1.0
3036,seductively,1.0,2.0
3037,norm,1.0,3.0
3038,outweigh,1.0,
3039,not.even,1.0,
3040,throught,1.0,1.0
3041,nother,1.0,
3042,defiinitely,1.0,
3043,service-friendly,1.0,
3044,-s-early,1.0,
3045,fountain,1.0,1.0
3046,nextto,1.0,
3047,ave.,1.0,1.0
3048,arrogantly,1.0,
3049,porter,1.0,
3050,ni,1.0,
3051,unwell,1.0,
3052,cupboard,1.0,1.0
3053,subtly,1.0,1.0
3054,partway,2.0,
3055,unfathamably,1.0,
3056,sparse,1.0,
3057,there-,1.0,
3058,powdery,1.0,
3059,shabbily,1.0,
3060,automaticly,1.0,
3061,sattelite,1.0,
3062,again..,2.0,1.0
3063,harmless,1.0,
3064,hotel.it,1.0,
3065,.first,1.0,
3066,peculiarly,1.0,
3067,arrow,1.0,
3068,list,1.0,
3069,tow,1.0,
3070,shower-only,1.0,
3071,.finally,1.0,1.0
3072,swipe,1.0,
3073,hardcore,1.0,
3074,.right,1.0,
3075,desparately,1.0,
3076,microwave,1.0,
3077,sounds,1.0,
3078,inattentively,1.0,
3079,listen,1.0,1.0
3080,äccidentally,1.0,
3081,structurally,1.0,
3082,soap,1.0,
3083,zoo,1.0,2.0
3084,alone,1.0,
3085,wi-fi,1.0,1.0
3086,bypass,1.0,
3087,wherever,1.0,3.0
3088,eas,1.0,2.0
3089,mildew,1.0,
3090,probrably,1.0,
3091,bedcover,1.0,
3092,butcher,1.0,
3093,-even,1.0,
3094,supper,1.0,
3095,eagerly,1.0,3.0
3096,geographicallly,1.0,
3097,insidiously,1.0,
3098,foremost,1.0,1.0
3099,straighten,1.0,
3100,farily,1.0,2.0
3101,loooong,1.0,
3102,slightlly,1.0,
3103,pleasurably,1.0,
3104,grotty,1.0,
3105,empathy,1.0,
3106,sugar,1.0,
3107,explode,1.0,
3108,van,1.0,
3109,defdinitely,1.0,
3110,hairball,1.0,
3111,maid,1.0,1.0
3112,hatefully,1.0,
3113,ocassionally,1.0,
3114,volcher,1.0,
3115,half-hazardly,1.0,
3116,grab,1.0,
3117,rust,1.0,
3118,issue-request,1.0,
3119,amock,1.0,
3120,pole,1.0,1.0
3121,steaks,1.0,
3122,there.we,1.0,
3123,tower,1.0,
3124,brickyard,1.0,
3125,provacatively,1.0,
3126,curiously,1.0,
3127,sometime,1.0,
3128,truth,1.0,
3129,quirkiness,1.0,
3130,breakfasts,1.0,
3131,supposidly,1.0,
3132,modernly,1.0,3.0
3133,ipad,1.0,1.0
3134,that.nice,1.0,
3135,unfortuntately,1.0,
3136,wheel,1.0,
3137,lid,1.0,
3138,eaisly,1.0,
3139,shrilly,1.0,
3140,restaurants-shops,1.0,
3141,street…that,1.0,
3142,excruciatingly,1.0,
3143,non-tower,1.0,
3144,eleven,1.0,
3145,evidentally,1.0,
3146,burger,1.0,1.0
3147,soever,1.0,
3148,you.,1.0,
3149,lakeshore,1.0,1.0
3150,elsehwere,1.0,
3151,chemically,1.0,
3152,latere,1.0,
3153,ravenously,1.0,
3154,loooooong,1.0,
3155,you-were,1.0,
3156,end.very,1.0,
3157,posh,1.0,
3158,airspace,1.0,
3159,coin,1.0,
3160,co-incidence,1.0,
3161,lethally,1.0,
3162,centraly,1.0,
3163,yummy,2.0,5.0
3164,elswwhere,1.0,
3165,sweet,2.0,3.0
3166,'d,1.0,
3167,lttle,1.0,
3168,justice,1.0,
3169,months.the,1.0,
3170,acct,1.0,
3171,heck,1.0,
3172,se,1.0,
3173,cheesy,1.0,
3174,.barely,1.0,
3175,summarily,1.0,1.0
3176,..those,1.0,
3177,that..overall,1.0,
3178,travel,1.0,8.0
3179,ahh,1.0,
3180,goodness,1.0,
3181,overview,1.0,
3182,hysterically,1.0,
3183,ofthem,1.0,
3184,one…there,1.0,
3185,classically,,2.0
3186,rasonably,,1.0
3187,extemely,,4.0
3188,-st,,1.0
3189,breaksfast,,1.0
3190,seamless,,1.0
3191,ticket,,1.0
3192,attentive,,1.0
3193,effortless,,2.0
3194,vely,,1.0
3195,accomodating..even,,1.0
3196,nav,,1.0
3197,cloth,,2.0
3198,surprisinly,,1.0
3199,extermely,,1.0
3200,area..,,1.0
3201,ia,,1.0
3202,exquisitely,,7.0
3203,..there,,1.0
3204,aloyt,,1.0
3205,midway,,2.0
3206,valley,,1.0
3207,spotless,,10.0
3208,modern,,7.0
3209,sexy,,2.0
3210,enarby,,1.0
3211,ghostly,,1.0
3212,incredbily,,1.0
3213,charasterically,,1.0
3214,one-nighter,,1.0
3215,tourist-friendly,,1.0
3216,food-unfortunately,,1.0
3217,bar-where,,1.0
3218,unseasonally,,1.0
3219,roof.there,,1.0
3220,deffinately,,4.0
3221,trice,,1.0
3222,flyover,,1.0
3223,rundown,,1.0
3224,off-handedly,,1.0
3225,trolley,,1.0
3226,owls,,1.0
3227,fastidiously,,1.0
3228,cruise,,3.0
3229,nooks,,2.0
3230,people-mover,,1.0
3231,ridulously,,1.0
3232,meticulously,,6.0
3233,unobtrusively,,1.0
3234,coffe,,1.0
3235,vitally,,1.0
3236,pullout,,2.0
3237,pull,,2.0
3238,land,,1.0
3239,laboriously,,1.0
3240,tray,,2.0
3241,premiere,,8.0
3242,friiendly,,1.0
3243,swelteringly,,1.0
3244,richly,,4.0
3245,entry-way,,1.0
3246,drawer,,2.0
3247,.extremely,,1.0
3248,shift,,1.0
3249,gay,,1.0
3250,fortuinelly,,1.0
3251,pass,,2.0
3252,sparkly,,1.0
3253,exquisite,,2.0
3254,outstandingly,,3.0
3255,boat,,1.0
3256,wear-and-tear,,1.0
3257,put-together,,1.0
3258,exepcially,,1.0
3259,fairway,,1.0
3260,grandmother,,5.0
3261,thoght,,1.0
3262,welcomed,,1.0
3263,fav,,1.0
3264,toddler,,2.0
3265,..even,,1.0
3266,.absolutely,,2.0
3267,booster,,1.0
3268,defnitely,,2.0
3269,luxuriously,,4.0
3270,turn,,1.0
3271,preferrably,,1.0
3272,stylishly,,7.0
3273,superfriendly,,1.0
3274,salad..there,,1.0
3275,awesomely,,1.0
3276,weren,,1.0
3277,forecast,,1.0
3278,especialy,,2.0
3279,wonderful,,1.0
3280,simely,,1.0
3281,lost,,1.0
3282,wholeheartedly,,5.0
3283,complimentary-daily,,1.0
3284,accustom,,1.0
3285,ny,,2.0
3286,inexpensively,,1.0
3287,utensils,,1.0
3288,diligently,,1.0
3289,tired,,1.0
3290,unbeatably,,1.0
3291,lunchtime,,1.0
3292,associate,,1.0
3293,anouther,,2.0
3294,on..the,,1.0
3295,touch.we,,1.0
3296,rudly,,1.0
3297,licence,,1.0
3298,quirk,,1.0
3299,moderm,,1.0
3300,tram,,2.0
3301,tart,,1.0
3302,a-join,,1.0
3303,intelligently,,1.0
3304,bill..,,1.0
3305,deter,,3.0
3306,meant,,1.0
3307,everywhere,,1.0
3308,nastily,,1.0
3309,touristy,,1.0
3310,unknowingly,,1.0
3311,fabulous,,1.0
3312,brewer,,1.0
3313,granite,,1.0
3314,expectation,,1.0
3315,moon,,2.0
3316,all-just,,1.0
3317,perfect..only,,1.0
3318,elder,,1.0
3319,deliciously,,1.0
3320,yuk,,1.0
3321,namely,,1.0
3322,especailly,,3.0
3323,painlessly,,1.0
3324,lazy,,1.0
3325,mom,,1.0
3326,pike,,1.0
3327,ecofriendly,,1.0
3328,.in,,1.0
3329,happen,,1.0
3330,regulalrly,,1.0
3331,tremondously,,1.0
3332,dinstinctly,,1.0
3333,briskly,,1.0
3334,unavoidably,,1.0
3335,hit,,1.0
3336,fortunate,,1.0
3337,signifcantly,,1.0
3338,architecture,,3.0
3339,zoos,,1.0
3340,laudably,,1.0
3341,hightly,,3.0
3342,..breakfast,,1.0
3343,mishap,,1.0
3344,supurbly,,1.0
3345,atop,,1.0
3346,lavishly,,3.0
3347,surpringly,,1.0
3348,vermouth,,1.0
3349,apartments,,1.0
3350,absorb,,1.0
3351,whenever,,6.0
3352,minute,,4.0
3353,skis,,1.0
3354,eggs-omelet,,1.0
3355,vally,,1.0
3356,etc.there,,1.0
3357,understatedly,,1.0
3358,honorably,,1.0
3359,plush,,2.0
3360,.kind,,1.0
3361,exremely,,1.0
3362,alternative,,1.0
3363,arrived,,1.0
3364,hopeless,,1.0
3365,patty,,1.0
3366,dilute,,1.0
3367,theatre,,2.0
3368,pod,,1.0
3369,again,,1.0
3370,recommend,,1.0
3371,anniversary—and,,1.0
3372,sensationally,,1.0
3373,niggle,,1.0
3374,stress,,4.0
3375,uptown,,1.0
3376,centre.there,,1.0
3377,darn,,2.0
3378,-it,,1.0
3379,valve,,1.0
3380,friendly..,,2.0
3381,othere,,1.0
3382,variously,,1.0
3383,westside,,1.0
3384,therein,,1.0
3385,essence,,2.0
3386,moore,,1.0
3387,diner,,4.0
3388,alfredo,,1.0
3389,ok-,,1.0
3390,respite,,1.0
3391,defiently,,1.0
3392,arguscarhire.com.au,,1.0
3393,dircetly,,1.0
3394,superb,,1.0
3395,drive,,2.0
3396,nicely..,,1.0
3397,wordly,,1.0
3398,objective,,1.0
3399,fearlessly,,1.0
3400,personably,,1.0
3401,prompt,,4.0
3402,co-worker,,2.0
3403,outdated-,,1.0
3404,friendlly,,1.0
3405,pefectly,,2.0
3406,non-issue,,1.0
3407,abysmally,,1.0
3408,-the,,3.0
3409,nine-day,,1.0
3410,bery,,1.0
3411,clouds,,1.0
3412,frat-like,,1.0
3413,excatly,,1.0
3414,yo,,1.0
3415,butter,,1.0
3416,earth,,2.0
3417,oringinally,,1.0
3418,again.and,,1.0
3419,height,,1.0
3420,sleekly,,2.0
3421,sample,,1.0
3422,extra`s,,1.0
3423,surprisngly,,1.0
3424,aud,,1.0
3425,blissfully,,4.0
3426,abt,,1.0
3427,splurge,,1.0
3428,marriot,,1.0
3429,fanneuil,,1.0
3430,bucks..only,,1.0
3431,.if,,1.0
3432,tremenously,,1.0
3433,plane,,1.0
3434,wimpy,,1.0
3435,oddball,,1.0
3436,insistently,,1.0
3437,immeadiately,,1.0
3438,soooo,,3.0
3439,oppressively,,1.0
3440,electrically,,2.0
3441,unquestionnably,,1.0
3442,delightly,,1.0
3443,i-vcredibly,,1.0
3444,luckely,,1.0
3445,impression,,1.0
3446,nightstands,,1.0
3447,esp,,2.0
3448,cutaway,,1.0
3449,children-friendly,,1.0
3450,excellence,,1.0
3451,aim,,1.0
3452,.though,,1.0
3453,sunggly,,1.0
3454,blackout,,2.0
3455,shamefully,,1.0
3456,tilapia,,1.0
3457,leave-enter,,1.0
3458,vertigo,,1.0
3459,fran,,1.0
3460,abroad..overall,,1.0
3461,nusience,,1.0
3462,helpul,,1.0
3463,word..,,1.0
3464,wharf,,2.0
3465,someone,,1.0
3466,anywher,,1.0
3467,frilly,,4.0
3468,fondly,,3.0
3469,calm,,2.0
3470,lovelier,,1.0
3471,brilliant.there,,1.0
3472,sickly,,1.0
3473,lookout,,1.0
3474,riverwalk,,1.0
3475,misheard,,1.0
3476,pub,,2.0
3477,cost,,2.0
3478,ourtyard,,1.0
3479,oceanfront,,1.0
3480,bya,,1.0
3481,burn,,1.0
3482,..therefore,,1.0
3483,enjoyed,,4.0
3484,beautfully,,1.0
3485,..presumably,,1.0
3486,regurlarly,,1.0
3487,rugby,,1.0
3488,bfast,,1.0
3489,theather,,1.0
3490,wrinkly,,1.0
3491,monitor,,1.0
3492,alcohol,,2.0
3493,nicer..or,,1.0
3494,bathroom-,,1.0
3495,attire,,1.0
3496,bouncer,,1.0
3497,frost,,1.0
3498,well.there,,1.0
3499,bounty,,1.0
3500,floor..,,1.0
3501,bureau,,1.0
3502,blindly,,3.0
3503,bussle,,1.0
3504,incredbly,,1.0
3505,museums,,1.0
3506,nominally,,1.0
3507,..what,,2.0
3508,eveyrwhere,,1.0
3509,ivy,,1.0
3510,praise,,1.0
3511,unerringly,,1.0
3512,efficient.we,,1.0
3513,icepack,,1.0
3514,mobile,,1.0
3515,flyaway,,2.0
3516,daugher,,1.0
3517,choise,,1.0
3518,goer,,1.0
3519,frendly,,5.0
3520,theatere,,1.0
3521,breakfast.there,,1.0
3522,green,,1.0
3523,westerly,,1.0
3524,contrast,,1.0
3525,sauna-steam,,1.0
3526,snack,,2.0
3527,year-old,,1.0
3528,'exclusively,,1.0
3529,exponentially,,1.0
3530,get-away,,1.0
3531,annex,,1.0
3532,'family,,2.0
3533,yrs,,1.0
3534,entere,,1.0
3535,ever-so-slightly,,1.0
3536,nachos,,2.0
3537,re-done,,1.0
3538,bedbugs,,1.0
3539,slim,,1.0
3540,definetliy,,1.0
3541,adven,,1.0
3542,asleep..,,1.0
3543,stopped..that,,1.0
3544,streetside,,1.0
3545,northeast,,4.0
3546,clean.only,,1.0
3547,alter,,1.0
3548,frig,,2.0
3549,chill,,1.0
3550,patio-hallway,,1.0
3551,in-away,,1.0
3552,immedately,,1.0
3553,futness,,1.0
3554,nextdoor,,1.0
3555,limo,,1.0
3556,..the,,1.0
3557,.pretty,,1.0
3558,escaltor,,1.0
3559,leg,,1.0
3560,.too,,1.0
3561,roomy,,1.0
3562,money.very,,1.0
3563,thrillingly,,1.0
3564,buzzy,,1.0
3565,buy,,1.0
3566,playground,,1.0
3567,angle,,1.0
3568,comfortingly,,1.0
3569,heartbeat,,3.0
3570,enclose,,1.0
3571,him…..,,1.0
3572,predictably,,1.0
3573,genericlly,,1.0
3574,particularlly,,1.0
3575,quicklly,,1.0
3576,paddle,,1.0
3577,reasonablly,,2.0
3578,realitively,,1.0
3579,disappoint,,1.0
3580,althougn,,1.0
3581,bacon,,1.0
3582,sheep,,1.0
3583,corridor,,1.0
3584,certantly,,1.0
3585,dog-friendly,,1.0
3586,friendly..i,,1.0
3587,nyc..there,,1.0
3588,clubhouse,,1.0
3589,satellite,,1.0
3590,claustrophobic,,1.0
3591,suprise,,3.0
3592,animal,,1.0
3593,showtime,,1.0
3594,forgettably,,1.0
3595,enthusiastically,,2.0
3596,weekend.there,,1.0
3597,sand,,1.0
3598,compartively,,1.0
3599,foodservice,,1.0
3600,equipped,,1.0
3601,.immediately,,1.0
3602,nit,,2.0
3603,sally,,1.0
3604,areas-,,1.0
3605,hangouts,,1.0
3606,egg,,2.0
3607,thouroughly,,1.0
3608,comphie,,1.0
3609,subtle,,1.0
3610,underside,,1.0
3611,snobby,,1.0
3612,hip,,3.0
3613,inordinately,,2.0
3614,succinctly,,1.0
3615,watcher,,1.0
3616,delt,,1.0
3617,swabs,,1.0
3618,progress,,1.0
3619,cally,,1.0
3620,wooden,,1.0
3621,unmistakably,,1.0
3622,random,,2.0
3623,pleasure.a,,1.0
3624,views,,1.0
3625,wander,,1.0
3626,tripadvisor,,3.0
3627,crack,,1.0
3628,mojito,,1.0
3629,nab,,1.0
3630,downward,,1.0
3631,.much,,1.0
3632,eggsperience,,1.0
3633,compltely,,1.0
3634,conviniently,,3.0
3635,professionel,,1.0
3636,sleeps,,1.0
3637,discreet,,1.0
3638,whereever,,1.0
3639,take-out,,1.0
3640,buns,,1.0
3641,boutique,,1.0
3642,vigorously,,1.0
3643,everynight,,2.0
3644,-in,,1.0
3645,apply,,2.0
3646,tattoed,,1.0
3647,stove,,1.0
3648,pots,,1.0
3649,apparantly,,4.0
3650,unfourtunately,,1.0
3651,priceline.com,,1.0
3652,kinda,,2.0
3653,chigago,,1.0
3654,nightspots,,1.0
3655,foam,,1.0
3656,moderate,,1.0
3657,nice..,,1.0
3658,everything,,1.0
3659,supposely,,1.0
3660,decore,,1.0
3661,hotel-friendly,,1.0
3662,atmospheric,,1.0
3663,friendly.the,,1.0
3664,champagne,,1.0
3665,naked-that,,1.0
3666,recall,,1.0
3667,fab,,3.0
3668,thoughtfulness,,1.0
3669,tend,,1.0
3670,definely,,2.0
3671,trully,,2.0
3672,home-y,,1.0
3673,activities…so,,1.0
3674,day…very,,1.0
3675,hassle,,1.0
3676,defiitely,,1.0
3677,likewise,,1.0
3678,splendidly,,1.0
3679,countless,,1.0
3680,.perfect,,1.0
3681,immiediately,,1.0
3682,nieghbourhood,,1.0
3683,pleseantly,,1.0
3684,definintely,,2.0
3685,juice,,2.0
3686,.use,,1.0
3687,effortlessly,,3.0
3688,joke,,1.0
3689,.they,,2.0
3690,platter,,1.0
3691,moose,,1.0
3692,harbor,,2.0
3693,tropically,,1.0
3694,shops,,1.0
3695,user-friendly,,3.0
3696,tirelessly,,1.0
3697,cheery,,3.0
3698,loser,,1.0
3699,y'all,,1.0
3700,day..,,1.0
3701,chatty,,1.0
3702,ping-pong,,1.0
3703,barke,,1.0
3704,boutiquey,,1.0
3705,reeeeaaaaalllllllllllly,,1.0
3706,yds,,1.0
3707,july,,2.0
3708,cup,,1.0
3709,oversight,,1.0
3710,child-friendly,,1.0
3711,outside.i,,1.0
3712,hop-on-off,,1.0
3713,indpendently,,1.0
3714,deluxe,,1.0
3715,•excellently,,1.0
3716,•fairly,,1.0
3717,room…really,,1.0
3718,honestely,,1.0
3719,seperately,,1.0
3720,enjoyably,,1.0
3721,whereby,,1.0
3722,gracefully,,1.0
3723,street…,,1.0
3724,grumpily,,1.0
3725,.rather,,1.0
3726,astonishly,,1.0
3727,discovery,,1.0
3728,mess,,2.0
3729,good.there,,1.0
3730,ate,,3.0
3731,definfately,,1.0
3732,.food,,1.0
3733,madness,,1.0
3734,nearby..just,,1.0
3735,tastely,,1.0
3736,taupe-and-turquoise,,1.0
3737,simple,,1.0
3738,night…july,,1.0
3739,tubs,,3.0
3740,conference.there,,1.0
3741,amusingly,,3.0
3742,culturally,,1.0
3743,edge,,1.0
3744,seemlessly,,1.0
3745,thumb,,1.0
3746,serenely,,1.0
3747,accident,,1.0
3748,omelet,,2.0
3749,sence,,1.0
3750,medicore,,1.0
3751,web,,1.0
3752,metro-train,,1.0
3753,andaz,,1.0
3754,lamplighter,,1.0
3755,advantage,,3.0
3756,mighty,,1.0
3757,terrific,,1.0
3758,stay..definitely,,1.0
3759,heartly,,1.0
3760,attractions,,1.0
3761,tone,,1.0
3762,service-really,,1.0
3763,stays,,2.0
3764,wondefully,,1.0
3765,stride,,1.0
3766,spaciouswith,,1.0
3767,alamo,,1.0
3768,ulitimately,,1.0
3769,surfer,,1.0
3770,works,,1.0
3771,sweeter.this,,1.0
3772,chose,,1.0
3773,mid-july,,1.0
3774,payless,,1.0
3775,seemly,,1.0
3776,fault.yes,,1.0
3777,past-its-prime,,1.0
3778,-nd,,1.0
3779,slick,,1.0
3780,room..,,1.0
3781,fron,,1.0
3782,eerie,,1.0
3783,..especially,,1.0
3784,paisely,,1.0
3785,antsy,,1.0
3786,rumba,,1.0
3787,extremeltly,,1.0
3788,authentically,,2.0
3789,artistically,,1.0
3790,deco,,1.0
3791,suitably,,3.0
3792,eventhough,,1.0
3793,preferentially,,1.0
3794,werre,,1.0
3795,acually,,1.0
3796,gloriously,,1.0
3797,willfully,,1.0
3798,someplace,,1.0
3799,hotwire,,1.0
3800,bike,,1.0
3801,skateboard,,1.0
3802,food.we,,1.0
3803,asain,,1.0
3804,deffinitly,,2.0
3805,espicailly,,1.0
3806,formerly,,1.0
3807,convenienly,,1.0
3808,avery,,1.0
3809,expense,,1.0
3810,freiendly,,1.0
3811,..'back,,1.0
3812,yicky,,1.0
3813,la,,1.0
3814,..where,,1.0
3815,mad,,1.0
3816,decaf,,1.0
3817,connolly,,1.0
3818,refrigerator-freezer,,1.0
3819,spaciousness,,1.0
3820,water.and,,1.0
3821,service.sadly,,1.0
3822,grain,,1.0
3823,palace,,1.0
3824,sandwich,,1.0
3825,victoriously,,1.0
3826,lingerie,,2.0
3827,anyway.i,,1.0
3828,again.one,,1.0
3829,appox,,1.0
3830,overcomes,,1.0
3831,manger,,1.0
3832,recentely,,1.0
3833,liberty,,1.0
3834,what-so-ever,,2.0
3835,appearantly,,1.0
3836,littlest,,1.0
3837,endof,,1.0
3838,organize,,1.0
3839,tide,,2.0
3840,emely,,1.0
3841,polenta,,1.0
3842,unfortuantely,,1.0
3843,affordable,,1.0
3844,-seven,,1.0
3845,-close,,1.0
3846,friendly.check,,1.0
3847,riser,,1.0
3848,enroll,,1.0
3849,regally,,1.0
3850,promise,,1.0
3851,sides..,,1.0
3852,aparently,,2.0
3853,plesently,,2.0
3854,'nicely,,1.0
3855,turns,,1.0
3856,tile,,1.0
3857,business-getaway,,1.0
3858,manhattan,,1.0
3859,did'nt,,1.0
3860,figuratively,,1.0
3861,comparatevely,,1.0
3862,particularily,,1.0
3863,prefectly,,1.0
3864,invitingly,,1.0
3865,**only,,1.0
3866,excrutiatingly,,1.0
3867,effficient,,1.0
3868,georgetown,,1.0
3869,walkaway,,1.0
3870,freight,,1.0
3871,nighstand,,1.0
3872,pet-,,1.0
3873,easlily,,2.0
3874,smootly,,1.0
3875,apex,,1.0
3876,atmoshere,,1.0
3877,illy,,1.0
3878,sill,,1.0
3879,insight,,1.0
3880,supose,,1.0
3881,nut,,1.0
3882,passionately,,1.0
3883,nouise,,1.0
3884,awesome-especially,,1.0
3885,barman,,1.0
3886,minibar,,1.0
3887,action.nice,,1.0
3888,vert,,1.0
3889,lieu,,1.0
3890,orignally,,1.0
3891,delighted..,,1.0
3892,tiresome,,1.0
3893,alwaysmore,,1.0
3894,spa-only,,1.0
3895,the.only,,1.0
3896,fulfill,,1.0
3897,immediantly,,1.0
3898,quality,,1.0
3899,antonio,,1.0
3900,more-friendly,,1.0
3901,o.k.,,2.0
3902,seen.really,,1.0
3903,.where,,1.0
3904,save,,1.0
3905,reputedly,,1.0
3906,difinitly,,1.0
3907,highlight,,1.0
3908,nicey,,1.0
3909,stratosphere,,1.0
3910,quell,,1.0
3911,fairness,,1.0
3912,outside.there,,1.0
3913,satisifed,,1.0
3914,handly,,1.0
3915,aiport,,1.0
3916,..felt,,1.0
3917,warm,,1.0
3918,everywher,,1.0
3919,freshness,,1.0
3920,foro,,1.0
3921,loverly,,3.0
3922,realtively,,2.0
3923,handily,,2.0
3924,affluent..,,1.0
3925,smart,,1.0
3926,slooow,,1.0
3927,fluidly,,1.0
3928,extand,,1.0
3929,undoubtely,,1.0
3930,structore,,1.0
3931,dually,,1.0
3932,desert,,1.0
3933,attractive-well,,1.0
3934,excel,,1.0
3935,'accidentally,,1.0
3936,shops-clubs-cinemas,,1.0
3937,entertainment-wise,,1.0
3938,beaufull,,1.0
3939,gratefully,,3.0
3940,consisently,,1.0
3941,yep,,1.0
3942,pickup,,1.0
3943,wanted,,1.0
3944,couldn,,1.0
3945,handicap-only,,1.0
3946,juicy,,1.0
3947,designer,,1.0
3948,super-nice,,1.0
3949,heavinly,,2.0
3950,heavnily,,1.0
3951,nyc.bestparking.com,,1.0
3952,beach-was,,1.0
3953,pobably,,1.0
3954,evenly,,1.0
3955,lilly,,1.0
3956,tmes,,1.0
3957,fourtunately,,1.0
3958,again..absolutely,,1.0
3959,-ndly,,1.0
3960,elaborate,,1.0
3961,..from,,1.0
3962,burnt,,1.0
3963,intially,,1.0
3964,relly,,1.0
3965,lucily,,1.0
3966,conveiniently,,1.0
3967,marvelously,,1.0
3968,wont,,1.0
3969,exerciser,,1.0
3970,surpisingly,,2.0
3971,allergy-friendly,,1.0
3972,pre-cruise,,1.0
3973,ashore,,1.0
3974,mini-bar,,1.0
3975,emily,,4.0
3976,eco,,1.0
3977,unfortunaetly,,1.0
3978,report,,1.0
3979,lite,,1.0
3980,withfamily,,1.0
3981,vibe,,1.0
3982,charm,,1.0
3983,expected.i,,1.0
3984,lighter,,1.0
3985,eatery,,1.0
3986,decoratively,,1.0
3987,functionally,,1.0
3988,away.all,,1.0
3989,shbarro,,1.0
3990,shorter,,2.0
3991,intimidatingly,,1.0
3992,immensly,,1.0
3993,obsolutely,,1.0
3994,freezer,,1.0
3995,quiet..,,2.0
3996,trendier,,1.0
3997,legitimately,,1.0
3998,desks,,1.0
3999,monely,,1.0
4000,starter,,1.0
4001,ally,,1.0
4002,masseuse,,1.0
4003,out-of-the-way,,1.0
4004,.comfy,,1.0
4005,again..btw,,1.0
4006,exceptionnally,,1.0
4007,food-service,,1.0
4008,intrest,,1.0
4009,hotspot,,1.0
4010,rooms-bathrooms,,1.0
4011,nightclubs,,2.0
4012,stairmaster,,1.0
4013,certasinly,,1.0
4014,class-lovely,,1.0
4015,relax,,1.0
4016,acid,,1.0
4017,manuever,,1.0
4018,fajitas,,1.0
4019,nexttime,,1.0
4020,countertop,,1.0
4021,definetily,,1.0
4022,noir,,1.0
4023,soundlessly,,1.0
4024,hotels,,1.0
4025,atmosfere,,1.0
4026,nywhere,,1.0
4027,august,,2.0
4028,ovbiously,,1.0
4029,excelsior,,1.0
4030,tasefully,,1.0
4031,washington,,1.0
4032,memorable..what,,1.0
4033,s.,,1.0
4034,breafast,,1.0
4035,aftter,,1.0
4036,'heard,,1.0
4037,thebar,,1.0
4038,serviceable.there,,1.0
4039,drinks,,1.0
4040,busily,,1.0
4041,transport,,1.0
4042,gorgeously,,3.0
4043,extravagently,,1.0
4044,fees.we,,1.0
4045,smoker,,1.0
4046,'reasonably,,1.0
4047,otherside,,1.0
4048,navy,,1.0
4049,althought,,1.0
4050,seasonably,,1.0
4051,in-house,,1.0
4052,helfpul,,1.0
4053,imeasurably,,1.0
4054,seamlessly,,2.0
4055,adult-size,,1.0
4056,absoulutely,,1.0
4057,shop—were,,1.0
4058,definitelt,,1.0
4059,eyebrow,,1.0
4060,penny,,1.0
4061,beds-extremely,,1.0
4062,negative..,,1.0
4063,problems.friendly,,1.0
4064,concierge.there,,1.0
4065,amazes,,1.0
4066,small-,,1.0
4067,disregard,,1.0
4068,enought,,1.0
4069,friedly,,1.0
4070,path,,2.0
4071,.oh,,1.0
4072,definatgely,,1.0
4073,-sometimes,,1.0
4074,throwaway,,1.0
4075,ecologically,,1.0
4076,steamer,,1.0
4077,centally,,1.0
4078,away.we,,1.0
4079,treat,,1.0
4080,adults-,,1.0
4081,every,,1.0
4082,sreally,,1.0
4083,nice.there,,1.0
4084,definitily,,1.0
4085,snootiness,,1.0
4086,inquire,,1.0
4087,.from,,1.0
4088,nighclub,,1.0
4089,wil,,1.0
4090,wally,,1.0
4091,begrugingly,,1.0
4092,trouble.we,,1.0
4093,epicenter,,1.0
4094,hotell,,1.0
4095,tastfully,,1.0
4096,magnificently,,1.0
4097,original.,,1.0
4098,handside,,1.0
4099,hillbilly,,1.0
4100,intricately,,1.0
4101,pleasingly,,1.0
4102,exceptional,,1.0
4103,debris,,1.0
4104,cardboard,,1.0
4105,tickets,,1.0
4106,daytime,,1.0
4107,witty,,1.0
4108,ironically,,1.0
4109,pet,,2.0
4110,syrup,,1.0
4111,stratigically,,1.0
4112,forthe,,1.0
4113,majorily,,1.0
4114,divinely,,1.0
4115,discount,,1.0
4116,definitelybe,,1.0
4117,evan,,1.0
4118,securly,,1.0
4119,dinner-what,,1.0
4120,.after,,1.0
4121,diwntown,,1.0
4122,autumatically,,1.0
4123,baths-,,1.0
4124,lemon,,1.0
4125,upsell,,1.0
4126,wore,,1.0
4127,robotically,,1.0
4128,slight,,1.0
4129,oull-out,,1.0
4130,eco-unfriendly,,1.0
4131,-easily,,1.0
4132,constatntly,,1.0
4133,proberly,,1.0
4134,unneccesarily,,1.0
4135,quickly-nowhere,,1.0
4136,ghost,,1.0
4137,firmness,,1.0
4138,fuzzy,,1.0
4139,snafu,,1.0
4140,bread,,1.0
4141,clinically,,1.0
4142,surprisely,,1.0
4143,friendly.hotel,,1.0
4144,wonderful-especially,,1.0
4145,rately,,1.0
4146,interfere,,1.0
4147,whimsically,,2.0
4148,nikko,,1.0
4149,disdainfully,,1.0
4150,ckeck,,1.0
4151,futher,,1.0
4152,thoughtful,,1.0
4153,oceanliner,,1.0
4154,comforther,,1.0
4155,ver,,2.0
4156,fromt,,1.0
4157,molly,,1.0
4158,drizzle,,1.0
4159,doormen,,2.0
4160,newsletter,,1.0
4161,booth,,2.0
4162,armchairs,,1.0
4163,ship,,1.0
4164,niggly,,1.0
4165,turnpike,,1.0
4166,arrest,,1.0
4167,underground,,2.0
4168,origionally,,1.0
4169,incedently,,1.0
4170,hardness,,1.0
4171,sensibly,,1.0
4172,althouth,,1.0
4173,-.-,,1.0
4174,car.philly,,1.0
4175,mindful,,1.0
4176,crazy,,1.0
4177,sauce,,1.0
4178,exeptionally,,1.0
4179,espcially,,1.0
4180,warily,,1.0
4181,diverse,,1.0
4182,balcony,,1.0
4183,wonderully,,1.0
4184,exibit,,1.0
4185,definitelly,,1.0
4186,impolitely,,1.0
4187,ahain,,1.0
4188,it,,1.0
4189,tennis,,1.0
4190,concisely,,1.0
4191,taste,,1.0
4192,jr,,1.0
4193,quiter,,1.0
4194,genuinly,,1.0
4195,snugly,,1.0
4196,hideously,,1.0
4197,townhouse,,1.0
4198,forget,,1.0
4199,unreservedly,,1.0
4200,matter-of-factly,,1.0
4201,expedia.com,,1.0
4202,ouot,,1.0
4203,draw,,1.0
4204,kettle,,1.0
4205,oyster,,1.0
4206,top-notch,,1.0
4207,bicycle,,1.0
4208,multi-day,,1.0
4209,tastey,,1.0
4210,pier,,2.0
4211,cook,,1.0
4212,cuter,,1.0
4213,consecutively,,1.0
4214,clean-well,,1.0
4215,onver,,1.0
4216,deeelishus,,1.0
4217,frenquently,,1.0
4218,enjoyble.the,,1.0
4219,low-cost,,1.0
4220,solo,,1.0
4221,o'reillys,,1.0
4222,seater,,1.0
4223,naturedly,,1.0
4224,rougher,,1.0
4225,monday,,1.0
4226,nights.very,,1.0
4227,fenway,,1.0
4228,frige,,1.0
4229,cubs.thoroughly,,1.0
4230,fisher,,1.0
4231,segway,,1.0
4232,lunch,,1.0
4233,apologeticlly,,1.0
4234,be.they,,1.0
4235,particuarly,,1.0
4236,excellent,,1.0
4237,tramway,,1.0
4238,loaner,,1.0
4239,aka,,1.0
4240,again.a,,1.0
4241,expectedly,,1.0
4242,venue,,1.0
4243,blizzard,,1.0
4244,cetainly,,1.0
4245,'really,,1.0
4246,litle,,1.0
4247,shaver,,1.0
4248,priceline,,1.0
4249,get-a-way,,1.0
4250,st,,1.0
4251,anyother,,1.0
4252,unquestonably,,1.0
4253,bookedbefore,,1.0
4254,isn,,1.0
4255,raffle,,1.0
4256,man.that,,1.0
4257,tollway,,1.0
4258,lobby.only,,1.0
4259,spottlessly,,1.0
4260,environemnt,,1.0
4261,.and,,1.0
4262,tastiest,,1.0
4263,obvisly,,1.0
4264,honnestly,,1.0
4265,compartitively,,1.0
4266,yogart,,1.0
4267,naivelly,,1.0
4268,smiley,,1.0
4269,fed,,1.0
4270,riverside,,1.0
4271,blast,,1.0
4272,eye-poppingly,,1.0
4273,favorites..,,1.0
4274,tvs,,1.0
4275,leopard,,1.0
4276,voutcher,,1.0
4277,thundery,,1.0
4278,waterway,,1.0
4279,effeciantly,,1.0
4280,tier,,1.0
4281,street.unfortunately,,1.0
4282,effieciently,,1.0
4283,quiche,,1.0
4284,scrolly,,1.0
4285,affordably,,1.0
4286,older-bigger,,1.0
4287,laud,,1.0
4288,comparitively,,1.0
4289,stiflingly,,1.0
4290,annexe,,1.0
4291,classily,,1.0
4292,ludicrously,,2.0
4293,maritime,,1.0
4294,.free,,1.0
4295,nightlight,,1.0
4296,forks,,1.0
4297,fuse,,1.0
4298,crabbly,,1.0
4299,singer,,1.0
4300,hiily,,1.0
4301,steal,,1.0
4302,spiritually,,1.0
4303,first-time,,1.0
4304,freqently,,1.0
4305,rediciously,,1.0
4306,stroller,,1.0
4307,mate,,1.0
4308,face,,1.0
4309,queen-size,,1.0
4310,neice,,1.0
4311,enterance,,1.0
4312,nope,,1.0
4313,northwest,,1.0
4314,skin,,1.0
4315,-yds,,1.0
4316,asks,,1.0
4317,airy,,1.0
4318,broadly,,1.0
4319,profuse,,1.0
4320,annoyance,,1.0
4321,spectacular,,1.0
4322,breakfast-lunch-dinner,,1.0
4323,vey,,1.0
