,0
0,overnight
1,fussy
2,free
3,little
4,high
5,rent
6,bell
7,extra
8,few
9,fanciest
10,good
11,most
12,tourist
13,cab
14,close
15,typical
16,early
17,whilst
18,many
19,real
20,special
21,respectable
22,simple
23,hotels
24,cent
25,nice
26,stay
27,usual
28,impressive
29,public
30,upgrade
31,secure
32,attached
33,opposite
34,busy
35,hot
36,check-in
37,big
38,park
39,interesting
40,bubble
41,consistent
42,bottle
43,detail-oriented
44,overall
45,aaa
46,airport
47,pots
48,reasonable
49,re-done
50,giant
51,middle
52,right
53,lucky
54,doorman
55,safe
56,larger
57,continental
58,prime
59,enough
60,queen
61,lounge
62,laptop
63,squeeze
64,turn
65,full-sized
66,reliable
67,live
68,fancy
69,thankful
70,inexpensive
71,wide
72,picky
73,extras
74,expensive
75,adequate
76,everyday
77,-the
78,is
79,taxi
80,buffet
81,surprised
82,arrival
83,magnified
84,occupied
85,in-out
86,restful
87,couch
88,local
89,hungry
90,on-site
91,nearby
92,minute
93,fitness
94,concerned
95,wi-fi
96,deep
97,mini
98,daily
99,other
100,personal
101,adjacent
102,tiny-
103,nervous
104,functional
105,smaller
106,massive
107,robotic
108,chose
109,anticipated
110,electronic
111,important
112,easier
113,staying
114,password
115,pre-pay
116,regular
117,alcoholic
118,absolute
119,individual
120,cool
121,bit
122,undergoing
123,fourth
124,guests
125,understands
126,appreciate
127,street
128,agree
129,thrid
130,firm
131,everyones
132,highest
133,fast
134,commercial
135,crazy
136,shuttle
137,wierd
138,hotel
139,preferred
140,superior
141,updated
142,dream
143,usable
144,pretentious
145,well-kept
146,make-up
147,apprehensive
148,authentic
149,sofa
150,min
151,-.-
152,location
153,shallow
154,storage
155,quirky
156,deluxe
157,table
158,interstate
159,drive
160,w-
161,b-c
162,spite
163,spent
164,video
165,anxious
166,ethernet
167,mile
168,roof
169,wrist
170,quickest
171,liquid
172,neighborhood
173,chest
174,worked
175,trendy
176,watch
177,sufficient
178,spacey
179,turn-down
180,fault
181,universal
182,engagement
183,alot
184,utilize
185,located
186,sleeper
187,noticeable
188,swam
189,tree
190,uniformed
191,refillable
192,accessed
193,husband
194,turns
195,obsessive
196,trustworthy
197,famous
198,earlier
199,greatest
200,grand
201,fi
202,tram
203,cared
204,adult
205,american
206,spiral
207,mini-fridge
208,breakfast
209,check-out
210,crashed
211,familiar
212,confusing
213,point
214,utterly
215,radius
216,liquor
217,dramatic
218,floral
219,substantial
220,equate
221,brought
222,air-conditioning
223,housekeeping
224,stressful
225,fellow
226,pick
227,center
228,exciting
229,ordered
230,toast
231,draw
232,mentioned
233,brunch
234,fish
235,weigh
236,smart
237,supportive
238,experienced
239,must-stay
240,'d
241,exclusive
242,sixth
243,server
244,everything
245,ive
246,ton
247,ft
248,cant
249,timely
250,soundproof
251,lots
252,sauna
253,quaintness
254,unusual
255,eh
256,tricky
257,tower
258,dog
259,eating
260,bureaucratic
261,break
262,ski
263,exept
264,competitive
265,domestic
266,round
267,everytime
268,mid-
269,fridge
270,ultimate
271,danish
272,served
273,fortune
274,bars-clubs
275,sized
276,drink
277,barely
278,chinese
279,hesitant
280,addressed
281,younger
282,boring
283,bc
284,twin
285,mix
286,storied
287,sunday
288,received
289,hotwire
290,occurred
291,oatmeal
292,seated
293,sight
294,asian
295,doggy
296,free-
297,room-service
298,disapponted
299,landscaping
300,desert
301,w-our
302,rooms-the
303,bottled
304,even
305,sister
306,oposite
307,three-day
308,wired
309,.the
310,solo
311,european-like
312,intolerant
313,cloudy
314,hike
315,dusk
316,stationary
317,save
318,pressed
319,brighten
320,plate
321,forgotten
322,pool-spa
323,night-life
324,pleasure
325,tips-
326,figure
327,iron
328,cookie-cutter
329,showered
330,critical
331,turistic
332,tuna
333,restaurant-
334,essential
335,exit
336,yu
337,disclaimer
338,needed
339,routine
340,feel
341,national
342,vary
343,silly
344,staff-service
345,hooray
346,year-olds
347,infinite
348,more
349,recommendable
350,reached
351,fold
352,remodeled
353,phoenix
354,approached
355,sushi
356,.my
357,sucky
358,wernt
359,adjustable
360,overwhelmed
361,mobbed
362,treated
363,breafast
364,holey
365,hr
366,decline
367,belief
368,vegetarian
369,moma
370,grateful
371,bakery
372,perfumey
373,old-style
374,gentle
375,-cm
376,appetite
377,non-event
378,take-away
379,disposable
380,..it
381,fruit
382,disagree
383,st.
384,yahoos
385,infant
386,heads-up
387,hockey
388,favorable
389,thick
390,marked
391,remembered
392,whitehall
393,assist
394,absent
395,bridge
396,southern
397,bumpy
398,failed
399,learnt
400,glow
401,indian
402,called
403,description
404,ipod
405,open-air
406,off-season
407,grilled
408,beds
409,wifi
410,copious
411,needle
412,w-out
413,hotel.the
414,freshening
415,-hr
416,controllable
417,a-c.
418,king-sized
419,holiday
420,alamo
421,depart
422,work-out
423,toothbrush
424,usd-night
425,cramped
426,highlight
427,ketchup
428,lg
429,whole-heartedly
430,overall-
431,well-located
432,hidden
433,upmarket
434,ice-vending
435,well-known
436,bathmat
437,extend
438,invite
439,express
440,humble
441,i.e
442,sofabed
443,decent-sized
444,taxis
445,commend
446,thorough
447,not-so-good
448,whatever-whenever
449,windy
450,day-night
451,incline
452,atrium-lobby
453,feature
454,wild
455,utilizing
456,needy
457,wow
458,view
459,backside
460,tub-shower
461,trolley
462,weekday
463,calamari
464,dined
465,room.the
466,lived
467,tipped
468,frill
469,xmas
470,well-run
471,ish
472,friendlier
473,practical
474,kick
475,spy
476,sceptical
477,-hour
478,optimistic
479,teddy
480,travelocity
481,hit-and-miss
482,restocked
483,bothersome
484,include
485,set
486,talk
487,advisable
488,girlfriend
489,fraction
490,amazed
491,all-time
492,none
493,cake
494,sympathic
495,noisey
496,desk-lobby
497,foyer
498,classiness
499,surprising
500,square-
501,laundry-dry
502,hazardous
503,supplied
504,son
505,outward
506,'continental
507,swank
508,layover
509,contintental
510,nerve
511,carved
512,egregious
513,legendary
514,reasonably
515,dimed
516,cautious
517,inserted
518,photos
519,step
520,curtious
521,expediant
522,ia
523,convienent
524,intrigued
525,overlooked
526,scan
527,soup
528,associate
529,get-away
530,meaningful
531,horse
532,late-night
533,drinks
534,-quiet
535,bath
536,chilled
537,mini-bar
538,exec
539,head
540,lol
541,adaquate
542,embankment
543,validated
544,laid-back
545,validate
546,convention-meeting
547,sodas
548,freshly-squeezed
549,pre
550,fiancee
551,breakfest
552,suggestive
553,corridor
554,grocery
555,separated
556,assortment
557,five-night
558,suburban
559,perspective
560,luxiourious
561,functionable
562,filled
563,father
564,burger
565,follow-through
566,compromised
567,aquarium
568,aloud
569,atruim
570,friday
571,family-run
572,forgiving
573,opposed
574,boyfriend
575,truthful
576,ingenious
577,dryer
578,displayed
579,scent
580,unforgiving
581,al
582,similarly-priced
583,tthe
584,comforatable
585,painless
586,tide
587,hospitality
588,ottoman
589,cut-off
590,fav
591,cohesive
592,oriented
593,flour
594,hubby
595,orderly
596,polished
597,chairs
598,goodbye
599,microwave
600,re-modeled
601,full-size
602,delivered
603,my
604,exceed
605,based
606,hamburger
607,ironing
608,hotel..
609,virtual
610,unprecedented
611,lawns
612,beneath
613,ongoing
614,fullest
615,drag
616,eaten
617,inspite
618,lifetime
619,dietary
620,freshest
621,cafes
622,prosciutto
623,i.e.
624,marina
625,nightlight
626,trick
627,tastier
628,conventional
629,groaned
630,insulate
631,offbeat
632,afterthought
633,grandour
634,boarded
635,rightful
636,note-
637,pad
638,fifteenth
639,rush
640,intuitive
641,night..
642,doggie
643,e.g
644,location-
645,cardio
646,focal
647,streetside
648,delighful
649,grown-up
650,up-
651,pubs
652,tend
653,musical
654,corkscrew
655,seventeen
656,lockable
657,yesteryear
658,chapel
659,objectionable
660,isn
661,diamond
662,baby
663,jalapeno
664,town-
665,glitzy
666,showy
667,enquired
668,fwy
669,forward
670,dress
671,win
672,chicken
673,service-oriented
674,leery
675,haven
676,fajita
677,friendly-
678,rave
679,washroom
680,cooked
681,vis-a-vis
682,scheme
683,insignificant
684,certificate
685,worry
686,vocal
687,remover
688,check-in-check-out
689,august
690,dollars-day
691,worthwhile
692,golden
693,presidential
694,applicable
695,coke
696,pancakes-
697,his-her
698,folio
699,tune
700,elusive
701,hindsight
702,co-operate
703,repaired
704,nutshell
705,king-size
706,erroneous
707,approx
708,recomment
709,driver
710,mother-in-law
711,nibble
712,bonus
713,euro-chic
714,grill
715,pneumatic
716,panorama
717,hoped
718,perpendicular
719,bed-pillows
720,wood-paneled
721,types
722,ushered
723,anytime
724,interact
725,-they
726,royal
727,boy
728,manicured
729,youthful
730,rapid
731,disheveled
732,entrance-exit
733,mystery
734,one-
735,downtown-waterfront
736,anniversary.we
737,inviting
738,patty
739,comfortable.the
740,tension
741,favourable
742,churlish
743,hop-off
744,.excellent
745,adored
746,room
747,congested
748,one-time
749,setup
750,a.m.
751,grab
752,good.we
753,gripe
754,swipe
755,oldish
756,hot-cold
757,intentional
758,multiplex
759,timetable
760,cram
761,scare
762,departure
763,tree-lined
764,people-
765,competetive
766,limos
767,whenever
768,multi-story
769,mix-up
770,.but
771,souvenir
772,neccessary
773,fora
774,reliant
775,soured
776,windowless
777,hearty
778,identify
779,pillows
780,well-regarded
781,en
782,restfull
783,underside
784,tavern
785,dbl
786,noise-
787,undergone
788,'executive
789,sf
790,dependable
791,climate
792,recall
793,street..
794,on-off
795,referral
796,iconic
797,reasonably-priced
798,avoided
799,pervious
800,astounded
801,foolproof
802,holel
803,glitch
804,laughed
805,austrailian
806,off-peak
807,food-drink
808,aprehensive
809,threw
810,challenging
811,dispatched
812,travelling
813,hit
814,assure
815,pre-made
816,tattoos
817,goings-on
818,squeamish
819,nostalgic
820,cups
821,friday-sunday
822,didn´t
823,housed
824,doorway
825,innumerable
826,pointed
827,feather
828,room..the
829,stove-oven
830,melted
831,palatable
832,c-note
833,relevant
834,capture
835,un-made
836,reach
837,bland
838,omni
839,formal
840,dealt
841,hybrid
842,bachelorette
843,jovial
844,northeast
845,loads
846,se
847,carpark
848,unrequested
849,suprised
850,restaruant
851,dodgey
852,olden
853,resaurant
854,civilized
855,entertained
856,-very
857,locale
858,prompted
859,westin
860,ramada
861,buzzy
862,couteous
863,emphasize
864,-yo
865,annoying-
866,portray
867,starbucks
868,gloominess
869,p-
870,southeast
871,pry
872,gap
873,sheraton
874,on-
875,immaculent
876,user-friendly
877,take-out
878,wondered
879,scene
880,werent
881,glamour
882,begged
883,fuss
884,high-style
885,preffered
886,non-allergic
887,tea-hot
888,multi
889,river-front
890,crowd
891,cried
892,half-day
893,compare
894,.so
895,re-caulked
896,bell-hops
897,bell-hop
898,ugly
899,subways
900,hippest
901,afford
902,waitstaff
903,glossy
904,amd
905,political
906,magician
907,mayo
908,slipper
909,pump
910,two-night
911,teeny
912,crossed
913,though
914,above-
915,memory
916,t-shirt
917,warned
918,-there
919,jet
920,five-course
921,infront
922,sack
923,cuisine
924,enjoyment
925,persian
926,nightclubs
927,stay-
928,outweigh
929,gargantuan
930,goofy
931,thw
932,inconspicuous
933,account
934,woderful
935,goto
936,-also
937,monument
938,perennial
939,clean-fresh
940,spring
941,avaliable
942,breakfast-
943,orange
944,thump
945,proffesional
946,us.we
947,two-bed
948,swapped
949,size-
950,-s
951,lined
952,condusive
953,wide-screen
954,reclean
955,negotiate
956,fetch
957,hunt
958,good-not
959,discolored
960,rejected
961,ultra-soft
962,evil
963,queens
964,well-marked
965,emblematic
966,martinis
967,bathrobes
968,up..
969,heavenly-
970,portal
971,super-
972,convient
973,anemic
974,us-
975,hwy
976,one-year
977,mum
978,protein
979,-foot
980,contiental
981,insure
982,rectified
983,in-our
984,waiting
985,irritating
986,boardwalk
987,retractable
988,teeny-tiny
989,varnish
990,irritant
991,fluffy-
992,eco
993,sight-see
994,diminished
995,ear-piercing
996,closeness
997,clicked
998,gusty
999,.this
1000,lobby-reception
1001,availabe
1002,tan
1003,luxe
1004,foggy
1005,metra
1006,hide-a-bed
1007,finger
1008,convention-style
1009,maple
1010,neighboor
1011,admirable
1012,managerial
1013,pacific
1014,variation
1015,speaks
1016,world-
1017,'standard
1018,non-chain
1019,pre-war
1020,cheeseburger
1021,ignore
1022,manic
1023,satellite
1024,smiles
1025,element
1026,rocked
1027,sugar
1028,carful
1029,choosing
1030,dated-
1031,eco-friendly
1032,candid
1033,velvet
1034,donut
1035,ham
1036,pre-
1037,veggie
1038,shower-
1039,tissue
1040,two-block
1041,luxuriate
1042,booth
1043,catered
1044,claustrophobia
1045,stone
1046,holed
1047,color
1048,various
1049,resort
1050,commute
1051,-hours
1052,lower-floor
1053,sound-proof
1054,thro
1055,mayflower
1056,swiped
1057,puny
1058,vacate
1059,tempted
1060,collective
1061,cameras
1062,pic
1063,married
1064,hourly
1065,-clean
1066,re-entered
1067,lieu
1068,unchangeable
1069,avaialble
1070,personality
1071,purchase
1072,technological
1073,'s-style
1074,old-times
1075,little-lot
1076,timeless
1077,sunrise
1078,bedroomed
1079,sherry
1080,lodging
1081,you
1082,scotch
1083,walmart
1084,draped
1085,pre-payment
1086,depict
1087,fromt
1088,w-my
1089,sought
1090,sleep-number
1091,again..
1092,pool-side
1093,thereafter
1094,padded
1095,whistle
1096,gramercy
1097,admission
1098,wakeup
1099,sucker
1100,in-depth
1101,hum
1102,charismatic
1103,name-brand
1104,mini-
1105,jewel
1106,'best
1107,clean-comfortable
1108,doubts
1109,recessed
1110,shin
1111,stamp
1112,b-w
1113,expedient
1114,up-charge
1115,banal
1116,hard-working
1117,salubrious
1118,nit-pick
1119,unavoidable
1120,sky-high
1121,well-documented
1122,orchid
1123,hellish
1124,otherwise
1125,frontline
1126,perceived
1127,remedial
1128,offer
1129,no.-
1130,problem-solving
1131,silverware
1132,recommed
1133,lacking
1134,river-lake
1135,bar-cafe
1136,airflow
1137,supervised
1138,taught
1139,ful
1140,peek
1141,whimsical
1142,morning-
1143,mob
1144,albiet
1145,nutritious
1146,duplex
1147,-sq
1148,rinse
1149,jam-packed
1150,rented
1151,taste
1152,too-
1153,desk-
1154,waterslide
1155,-we
1156,worry-free
1157,gamut
1158,santa
1159,talent
1160,-nt
1161,afordable
1162,kimpton
1163,bridal
1164,am-fm
1165,orginal
1166,ratty
1167,multi-night
1168,reserve
1169,lofty
1170,quad
1171,assorted
1172,interactive
1173,charger
1174,turning
1175,stub
1176,programmed
1177,watching
1178,intimated
1179,yr.
1180,do-it-yourself
1181,splashed
1182,re-supplied
1183,décor
1184,poured
1185,complacent
1186,steaks
1187,brave
1188,none-the-less
1189,vitamin
1190,negated
1191,cheesy
1192,reward
1193,substituted
1194,contained
1195,do-not-disturb
1196,mimic
1197,amble
1198,unacceptabe
1199,eveyone
1200,shaddy
1201,unforseen
1202,early-morning
1203,predicted
1204,therefore
1205,commerical
1206,hastle
1207,charmless
1208,vodka
1209,no-name
1210,wintertime
1211,kiddie
1212,hazy
1213,music
1214,millenium
1215,proficient
1216,the
1217,upsides
1218,..we
1219,cushioned
1220,rang
1221,modesty
1222,freezer
1223,defaults
1224,stree
1225,no-brainer
1226,nuts
1227,good-value
1228,airfare-hotel
1229,strep
1230,galleria
1231,unwise
1232,adventure
1233,it.
1234,realy
1235,blemish
1236,miniature
1237,scattered
1238,'free
1239,nice-clean
1240,cochere
1241,encounter
1242,topped
1243,bizzare
1244,least-
1245,-story
1246,first-come
1247,first-served
1248,.our
1249,endemic
1250,expencive
1251,location.the
1252,tonight
1253,dryer-
1254,dearer
1255,pretended
1256,workable
1257,untold
1258,bartender
1259,comfortble
1260,avid
1261,disappeared
1262,straightforward
1263,rooms-
1264,uni
1265,dampen
1266,earned
1267,definition
1268,invoice
1269,pie
1270,lbs
1271,where-how
1272,tick
1273,sidewalk
1274,pillowtop
1275,cdn
1276,intrinsic
1277,flaws
1278,measure
1279,aromatic
1280,doorman-valet
1281,ensured
1282,in-between
1283,snob
1284,aura
1285,chat
1286,nicely-sized
1287,unappreciated
1288,negotiable
1289,thirty-five
1290,athmosphere
1291,accomplish
1292,comfortable.there
1293,musician
1294,food-beverage
1295,w-one
1296,awkard
1297,assistance
1298,airport-
1299,away-
1300,sleep-
1301,license
1302,spur-of-the-moment
1303,mishap
1304,-pmish
1305,negligence
1306,lie-in
1307,low-rise
1308,beachfront
1309,explored
1310,lend
1311,safe-feeling
1312,emphatic
1313,concious
1314,drippy
1315,stage
1316,jewish
1317,resource
1318,diagonal
1319,skylight
1320,walking-biking
1321,website-
1322,try
1323,cradle
1324,solitary
1325,nosier
1326,petite
1327,hardwood
1328,'historic
1329,walkie
1330,pedistal
1331,hippy
1332,elastic
1333,sunflower
1334,coarse
1335,over-worked
1336,lifted
1337,multi-level
1338,classiest
1339,marriotts
1340,jr.
1341,crack
1342,-.-*
1343,ipad-
1344,cental
1345,porch
1346,slim
1347,stainless
1348,double-bed
1349,asparagus
1350,bundle
1351,divided
1352,shocking
1353,hotal
1354,describes
1355,occur
1356,ultra-clean
1357,over-
1358,wore
1359,unchecked
1360,log-in
1361,vending-ice
1362,stately
1363,station-alarm
1364,executed
1365,fog
1366,'different
1367,rubbery
1368,greet
1369,meager
1370,transient
1371,black-out
1372,pin
1373,trip-
1374,storing
1375,rocket
1376,humidifier
1377,booking.com
1378,.to
1379,crayon
1380,columbus
1381,two-bedroom
1382,defined
1383,suffice
1384,kimberly
1385,missing
1386,walking-running
1387,mask
1388,floorboard
1389,costumer
1390,uptown-downtown
1391,rebuilt
1392,.or
1393,master
1394,square-midtown
1395,p-n
1396,double-billed
1397,rolling
1398,re-charge
1399,pool-
1400,low-flow
1401,-queen
1402,worldwide
1403,m-f
1404,pedicabs
1405,hotel-resort
1406,eliptical
1407,lunch-
1408,wine-beer
1409,separte
1410,night-day
1411,refrigerator-microwave
1412,q-tips
1413,twelfth
1414,tomato
1415,non-pet
1416,unknowledgeable
1417,hampered
1418,ubiquitous
1419,in-door
1420,richer
1421,'welcome
1422,well-constructed
1423,two-person
1424,erased
1425,endure
1426,securely
1427,functioning
1428,fence
1429,inns
1430,rotary
1431,family-oriented
1432,downer
1433,area-table
1434,prepayment
1435,spas
1436,diva
1437,conveniet
1438,periodic
1439,message
1440,-right
1441,breakfeast
1442,removable
1443,super-comfy
1444,oval
1445,unjustifiable
1446,obscure
1447,hubbub
1448,yhe
1449,decorate
1450,intangible
1451,imaginative
1452,over-chlorinated
1453,nicked
1454,huevos
1455,verde
1456,art-deco
1457,grandiose
1458,top-shelf
1459,skeleton
1460,delicate
1461,bed-bug
1462,accordian
1463,unaccompanied
1464,inherent
1465,adapter
1466,tic
1467,wifes
1468,queen-
1469,unrefurbished
1470,othe
1471,museums
1472,just-opened
1473,itallian
1474,cable-satellite
1475,renovated-
1476,marred
1477,genial
1478,inspired
1479,purposeful
1480,cow
1481,pity
1482,under-counter
1483,given
1484,replete
1485,interrupt
1486,gimmick
1487,sweetest
1488,spur
1489,mid-atlantic
1490,non-threatening
1491,spiffy
1492,aromatherapy
1493,departed
1494,serve-yourself
1495,signage
1496,minimize
1497,glam
1498,dire
1499,modern-looking
1500,ethic
1501,disorderly
1502,sink-mirror
1503,pane
1504,here..
1505,unison
1506,areas.the
1507,e-mailing
1508,clean-
1509,noodle
1510,in-check
1511,luxorious
1512,restaurent
1513,hi-speed
1514,rather
1515,illuminated
1516,brusk
1517,misfortune
1518,airplane
1519,dance
1520,attribute
1521,appealing
1522,machines-
1523,advantageous
1524,'less
1525,universe
1526,bt
1527,conscientious
1528,comforable
1529,f-line
1530,gun
1531,fusty
1532,unwell
1533,justifiable
1534,dab
1535,i-phone
1536,hypoallergenic
1537,arrived-
1538,energy-saving
1539,right
1540,little
1541,most
1542,certainly
1543,automatically
1544,nice
1545,suite
1546,especially
1547,bit
1548,nearby
1549,surely
1550,frequently
1551,consistently
1552,layout
1553,originally
1554,promptly
1555,reasonably
1556,noise
1557,personally
1558,hideaway
1559,kindly
1560,recently
1561,typically
1562,fast
1563,convienently
1564,practially
1565,surprise
1566,quickly
1567,breakfast
1568,downtown
1569,dream
1570,timely
1571,weather
1572,getaway
1573,neighborhood
1574,mistakenly
1575,baby
1576,fully
1577,silver
1578,pool
1579,plenty
1580,freeway
1581,bathroom
1582,no-one
1583,bed
1584,rarely
1585,equally
1586,much
1587,quick
1588,haven
1589,polite
1590,partly
1591,stay
1592,choose
1593,greatly
1594,mightily
1595,spell
1596,tad
1597,bare
1598,shuttle
1599,considerably
1600,keenly
1601,start
1602,specially
1603,mall
1604,overseas
1605,firendly
1606,particually
1607,elevator
1608,largely
1609,cuddly
1610,art
1611,menu
1612,altogether
1613,definitiely
1614,burst
1615,soundly
1616,spontaneously
1617,fun
1618,work
1619,optimally
1620,naturally
1621,nonetheless
1622,post
1623,annoyingly
1624,farther
1625,amply
1626,tidy
1627,moderately
1628,overdone
1629,everytime
1630,family-friendly
1631,hey
1632,leather
1633,extensively
1634,assuredly
1635,regardless
1636,sound
1637,arena
1638,quirky
1639,sometimes
1640,-night
1641,yearly
1642,inn
1643,lug
1644,northerly
1645,quietly
1646,purposefully
1647,slept
1648,notably
1649,neighbor
1650,internally
1651,husband
1652,internationally
1653,throughly
1654,respectfully
1655,walk
1656,thick
1657,sight
1658,spoke
1659,mgmt
1660,jewerly
1661,handsomely
1662,eat
1663,sooner
1664,lift
1665,lifetime
1666,aimlessly
1667,alike
1668,scrupulously
1669,tragically
1670,ouch
1671,hopefully
1672,ok.
1673,jet
1674,..more
1675,stairs
1676,hourly
1677,objectively
1678,consistantly
1679,tour
1680,inconvenience
1681,faxed
1682,break
1683,wasnt
1684,electronically
1685,dodgy
1686,brown
1687,arguably
1688,pleasure
1689,laid
1690,goodly
1691,neat
1692,button
1693,ill
1694,penthouse
1695,barrier
1696,thereby
1697,outrageously
1698,unquestionably
1699,artsy
1700,absurdly
1701,quit
1702,artfully
1703,bottle
1704,park
1705,comforter
1706,harder
1707,flawless
1708,buisness
1709,adequate
1710,openly
1711,bedtime
1712,expeditiously
1713,bang
1714,monthly
1715,easilly
1716,supply
1717,mix
1718,stupidly
1719,lounge
1720,else..
1721,photos
1722,mastercard
1723,bathrooms
1724,wind
1725,lowly
1726,anxiously
1727,precisely
1728,stick
1729,luck
1730,miss
1731,charmingly
1732,enormously
1733,noticably
1734,trek
1735,alarmingly
1736,-very
1737,door
1738,immediatly
1739,vere
1740,nevertheless
1741,agin
1742,slam
1743,appearance
1744,taxi
1745,didn
1746,placard
1747,manly
1748,definitively
1749,nook
1750,eyesore
1751,favourite
1752,accommodate
1753,mention
1754,heartedly
1755,concurrently
1756,vending-ice
1757,and-or
1758,escape
1759,fancier
1760,stuck
1761,definite
1762,backyard
1763,location
1764,organise
1765,el
1766,nephew
1767,all
1768,check-in
1769,noisier
1770,sweetly
1771,so-so
1772,room-
1773,faintly
1774,skip
1775,quietest
1776,globally
1777,hurriedly
1778,rooms
1779,spartan
1780,abide
1781,night-
1782,nighttime
1783,in-out
1784,formally
1785,on-off
1786,sheer
1787,somewhat
1788,pillow
1789,preferably
1790,aswell
1791,soooooo
1792,speedily
1793,patio
1794,inconsistently
1795,hilly
1796,duvet
1797,seaport
1798,foot
1799,ok
1800,abundantly
1801,exit
1802,eaten
1803,swere
1804,iphone
1805,rain
1806,ocean
1807,ames
1808,shamelessly
1809,economically
1810,..it
1811,pull-out
1812,mechanically
1813,reasonbly
1814,extremelly
1815,eerily
1816,hrs
1817,fog
1818,everywere
1819,chore
1820,pushy
1821,admirably
1822,lever
1823,monica
1824,mercifully
1825,staffed
1826,faultless
1827,downer
1828,bowl
1829,wardrobe
1830,spend
1831,delicately
1832,marina
1833,cleanly
1834,deservedly
1835,cordially
1836,overhead
1837,piece
1838,garishly
1839,ater
1840,deffinitely
1841,..that
1842,.all
1843,spouse
1844,acknowledge
1845,fly
1846,logistically
1847,unload
1848,drastically
1849,fiance
1850,oustandingly
1851,elsewere
1852,thorough
1853,someday
1854,plesantly
1855,atomosphere
1856,quicker
1857,yea
1858,precariously
1859,awful
1860,supremely
1861,unheard
1862,no-brainer
1863,mixed
1864,almost
1865,ton
1866,freshen
1867,prefer
1868,trade-off
1869,adapter
1870,postcard
1871,yes
1872,weekly
1873,fare
1874,fit
1875,questionably
1876,return
1877,twice
1878,defenitely
1879,.only
1880,disaster
1881,adore
1882,wether
1883,unfavourably
1884,navigate
1885,emails
1886,november
1887,roll-a-way
1888,disturb
1889,butt
1890,finger
1891,defintiely
1892,milk
1893,nutshell
1894,acutally
1895,linen
1896,throught
1897,fountain
1898,ave.
1899,cupboard
1900,subtly
1901,.finally
1902,listen
1903,wi-fi
1904,foremost
1905,maid
1906,pole
1907,ipad
1908,burger
1909,lakeshore
1910,summarily
